STATE,SEX,BIRTH_YEAR,NAME
AK,M,1910,John
AK,M,1911,John
AK,M,1912,John
AK,M,1913,John
AK,M,1914,John
AK,M,1915,John
AK,M,1916,John
AK,M,1917,John
AK,M,1918,William
AK,M,1919,John
AK,M,1920,John
AK,M,1921,John
AK,M,1922,William
AK,M,1923,John
AK,M,1924,John
AK,M,1925,John
AK,M,1926,John
AK,M,1927,John
AK,M,1928,John
AK,M,1929,John
AK,M,1930,John
AK,M,1931,John
AK,M,1932,John
AK,M,1933,John
AK,M,1934,John
AK,M,1935,John
AK,M,1936,Robert
AK,M,1937,Robert
AK,M,1938,Robert
AK,M,1939,John
AK,M,1940,John
AK,M,1941,Robert
AK,M,1942,John
AK,M,1943,John
AK,M,1944,Robert
AK,M,1945,Robert
AK,M,1946,John
AK,M,1947,John
AK,M,1948,John
AK,M,1949,John
AK,M,1950,Robert
AK,M,1951,Robert
AK,M,1952,James
AK,M,1953,David
AK,M,1954,Michael
AK,M,1955,David
AK,M,1956,Michael
AK,M,1957,John
AK,M,1958,Michael
AK,M,1959,John
AK,M,1960,David
AK,M,1961,David
AK,M,1962,John
AK,M,1963,David
AK,M,1964,John
AK,M,1965,John
AK,M,1966,Michael
AK,M,1967,Michael
AK,M,1968,John
AK,M,1969,Michael
AK,M,1970,Michael
AK,M,1971,John
AK,M,1972,Michael
AK,M,1973,Michael
AK,M,1974,Michael
AK,M,1975,Michael
AK,M,1976,Jason
AK,M,1977,Michael
AK,M,1978,Michael
AK,M,1979,Christopher
AK,M,1980,Michael
AK,M,1981,Michael
AK,M,1982,Michael
AK,M,1983,Christopher
AK,M,1984,Christopher
AK,M,1985,Michael
AK,M,1986,Michael
AK,M,1987,Christopher
AK,M,1988,Michael
AK,M,1989,Michael
AK,M,1990,Michael
AK,M,1991,Michael
AK,M,1992,Michael
AK,M,1993,Michael
AK,M,1994,Michael
AK,M,1995,Michael
AK,M,1996,Michael
AK,M,1997,Jacob
AK,M,1998,Michael
AK,M,1999,Jacob
AK,M,2000,Michael
AK,M,2001,Michael
AK,M,2002,Jacob
AK,M,2003,Jacob
AK,M,2004,Ethan
AK,M,2005,Ethan
AK,M,2006,James
AK,M,2007,Aiden
AK,M,2008,James
AK,M,2009,Michael
AK,M,2010,William
AK,M,2011,Mason
AK,M,2012,James
AK,M,2013,Liam
AK,M,2014,Liam
AK,M,2015,Liam
AK,M,2016,William
AK,M,2017,James
AK,M,2018,Oliver
AL,M,1910,James
AL,M,1911,James
AL,M,1912,James
AL,M,1913,James
AL,M,1914,James
AL,M,1915,James
AL,M,1916,James
AL,M,1917,James
AL,M,1918,James
AL,M,1919,James
AL,M,1920,James
AL,M,1921,James
AL,M,1922,James
AL,M,1923,James
AL,M,1924,James
AL,M,1925,James
AL,M,1926,James
AL,M,1927,James
AL,M,1928,James
AL,M,1929,James
AL,M,1930,James
AL,M,1931,James
AL,M,1932,James
AL,M,1933,James
AL,M,1934,James
AL,M,1935,James
AL,M,1936,James
AL,M,1937,James
AL,M,1938,James
AL,M,1939,James
AL,M,1940,James
AL,M,1941,James
AL,M,1942,James
AL,M,1943,James
AL,M,1944,James
AL,M,1945,James
AL,M,1946,James
AL,M,1947,James
AL,M,1948,James
AL,M,1949,James
AL,M,1950,James
AL,M,1951,James
AL,M,1952,James
AL,M,1953,James
AL,M,1954,James
AL,M,1955,James
AL,M,1956,James
AL,M,1957,James
AL,M,1958,James
AL,M,1959,James
AL,M,1960,James
AL,M,1961,James
AL,M,1962,James
AL,M,1963,James
AL,M,1964,James
AL,M,1965,James
AL,M,1966,James
AL,M,1967,James
AL,M,1968,James
AL,M,1969,James
AL,M,1970,James
AL,M,1971,Michael
AL,M,1972,Michael
AL,M,1973,Christopher
AL,M,1974,Christopher
AL,M,1975,Michael
AL,M,1976,Michael
AL,M,1977,Christopher
AL,M,1978,James
AL,M,1979,Christopher
AL,M,1980,Christopher
AL,M,1981,Christopher
AL,M,1982,Christopher
AL,M,1983,Christopher
AL,M,1984,Christopher
AL,M,1985,Christopher
AL,M,1986,Christopher
AL,M,1987,Christopher
AL,M,1988,Justin
AL,M,1989,Christopher
AL,M,1990,Christopher
AL,M,1991,Christopher
AL,M,1992,Christopher
AL,M,1993,Christopher
AL,M,1994,Christopher
AL,M,1995,William
AL,M,1996,William
AL,M,1997,William
AL,M,1998,William
AL,M,1999,William
AL,M,2000,William
AL,M,2001,William
AL,M,2002,William
AL,M,2003,William
AL,M,2004,William
AL,M,2005,William
AL,M,2006,William
AL,M,2007,William
AL,M,2008,William
AL,M,2009,William
AL,M,2010,William
AL,M,2011,William
AL,M,2012,William
AL,M,2013,William
AL,M,2014,William
AL,M,2015,William
AL,M,2016,William
AL,M,2017,William
AL,M,2018,William
AR,M,1910,James
AR,M,1911,James
AR,M,1912,James
AR,M,1913,James
AR,M,1914,James
AR,M,1915,James
AR,M,1916,James
AR,M,1917,James
AR,M,1918,James
AR,M,1919,James
AR,M,1920,James
AR,M,1921,James
AR,M,1922,James
AR,M,1923,James
AR,M,1924,James
AR,M,1925,James
AR,M,1926,James
AR,M,1927,James
AR,M,1928,James
AR,M,1929,James
AR,M,1930,James
AR,M,1931,James
AR,M,1932,James
AR,M,1933,James
AR,M,1934,James
AR,M,1935,James
AR,M,1936,James
AR,M,1937,James
AR,M,1938,James
AR,M,1939,James
AR,M,1940,James
AR,M,1941,James
AR,M,1942,James
AR,M,1943,James
AR,M,1944,James
AR,M,1945,James
AR,M,1946,James
AR,M,1947,James
AR,M,1948,James
AR,M,1949,James
AR,M,1950,James
AR,M,1951,James
AR,M,1952,James
AR,M,1953,James
AR,M,1954,James
AR,M,1955,James
AR,M,1956,James
AR,M,1957,James
AR,M,1958,James
AR,M,1959,James
AR,M,1960,James
AR,M,1961,James
AR,M,1962,James
AR,M,1963,James
AR,M,1964,James
AR,M,1965,James
AR,M,1966,James
AR,M,1967,James
AR,M,1968,James
AR,M,1969,Michael
AR,M,1970,James
AR,M,1971,Michael
AR,M,1972,Michael
AR,M,1973,Michael
AR,M,1974,Michael
AR,M,1975,Michael
AR,M,1976,Jason
AR,M,1977,Jason
AR,M,1978,Jason
AR,M,1979,Michael
AR,M,1980,Michael
AR,M,1981,Joshua
AR,M,1982,Christopher
AR,M,1983,Christopher
AR,M,1984,Christopher
AR,M,1985,Christopher
AR,M,1986,Christopher
AR,M,1987,Christopher
AR,M,1988,Christopher
AR,M,1989,Christopher
AR,M,1990,Christopher
AR,M,1991,Christopher
AR,M,1992,Christopher
AR,M,1993,Christopher
AR,M,1994,Michael
AR,M,1995,Tyler
AR,M,1996,Jacob
AR,M,1997,Jacob
AR,M,1998,Jacob
AR,M,1999,Jacob
AR,M,2000,Jacob
AR,M,2001,Jacob
AR,M,2002,Jacob
AR,M,2003,Jacob
AR,M,2004,Jacob
AR,M,2005,Ethan
AR,M,2006,William
AR,M,2007,William
AR,M,2008,Jacob
AR,M,2009,William
AR,M,2010,William
AR,M,2011,William
AR,M,2012,William
AR,M,2013,William
AR,M,2014,Mason
AR,M,2015,William
AR,M,2016,Elijah
AR,M,2017,Elijah
AR,M,2018,Noah
AZ,M,1910,John
AZ,M,1911,John
AZ,M,1912,John
AZ,M,1913,John
AZ,M,1914,William
AZ,M,1915,John
AZ,M,1916,John
AZ,M,1917,John
AZ,M,1918,John
AZ,M,1919,John
AZ,M,1920,John
AZ,M,1921,John
AZ,M,1922,John
AZ,M,1923,John
AZ,M,1924,John
AZ,M,1925,John
AZ,M,1926,Robert
AZ,M,1927,John
AZ,M,1928,John
AZ,M,1929,Robert
AZ,M,1930,Robert
AZ,M,1931,Robert
AZ,M,1932,Robert
AZ,M,1933,Robert
AZ,M,1934,Robert
AZ,M,1935,Robert
AZ,M,1936,Robert
AZ,M,1937,Robert
AZ,M,1938,Robert
AZ,M,1939,Robert
AZ,M,1940,Robert
AZ,M,1941,Robert
AZ,M,1942,Robert
AZ,M,1943,Robert
AZ,M,1944,Robert
AZ,M,1945,Robert
AZ,M,1946,Robert
AZ,M,1947,Robert
AZ,M,1948,Robert
AZ,M,1949,John
AZ,M,1950,Robert
AZ,M,1951,Robert
AZ,M,1952,Robert
AZ,M,1953,David
AZ,M,1954,Robert
AZ,M,1955,David
AZ,M,1956,David
AZ,M,1957,David
AZ,M,1958,Robert
AZ,M,1959,David
AZ,M,1960,David
AZ,M,1961,David
AZ,M,1962,David
AZ,M,1963,David
AZ,M,1964,David
AZ,M,1965,Michael
AZ,M,1966,Michael
AZ,M,1967,Michael
AZ,M,1968,Michael
AZ,M,1969,Michael
AZ,M,1970,Michael
AZ,M,1971,Michael
AZ,M,1972,Michael
AZ,M,1973,Michael
AZ,M,1974,Michael
AZ,M,1975,Michael
AZ,M,1976,Michael
AZ,M,1977,Michael
AZ,M,1978,Michael
AZ,M,1979,Michael
AZ,M,1980,Michael
AZ,M,1981,Michael
AZ,M,1982,Michael
AZ,M,1983,Michael
AZ,M,1984,Michael
AZ,M,1985,Michael
AZ,M,1986,Michael
AZ,M,1987,Michael
AZ,M,1988,Michael
AZ,M,1989,Michael
AZ,M,1990,Michael
AZ,M,1991,Michael
AZ,M,1992,Michael
AZ,M,1993,Michael
AZ,M,1994,Michael
AZ,M,1995,Michael
AZ,M,1996,Michael
AZ,M,1997,Jacob
AZ,M,1998,Jacob
AZ,M,1999,Jacob
AZ,M,2000,Jacob
AZ,M,2001,Jacob
AZ,M,2002,Jacob
AZ,M,2003,Jacob
AZ,M,2004,Jose
AZ,M,2005,Angel
AZ,M,2006,Angel
AZ,M,2007,Angel
AZ,M,2008,Anthony
AZ,M,2009,Jacob
AZ,M,2010,Jacob
AZ,M,2011,Jacob
AZ,M,2012,Jacob
AZ,M,2013,Noah
AZ,M,2014,Noah
AZ,M,2015,Noah
AZ,M,2016,Noah
AZ,M,2017,Liam
AZ,M,2018,Liam
CA,M,1910,John
CA,M,1911,John
CA,M,1912,John
CA,M,1913,John
CA,M,1914,John
CA,M,1915,John
CA,M,1916,John
CA,M,1917,John
CA,M,1918,Robert
CA,M,1919,Robert
CA,M,1920,Robert
CA,M,1921,Robert
CA,M,1922,Robert
CA,M,1923,Robert
CA,M,1924,Robert
CA,M,1925,Robert
CA,M,1926,Robert
CA,M,1927,Robert
CA,M,1928,Robert
CA,M,1929,Robert
CA,M,1930,Robert
CA,M,1931,Robert
CA,M,1932,Robert
CA,M,1933,Robert
CA,M,1934,Robert
CA,M,1935,Robert
CA,M,1936,Robert
CA,M,1937,Robert
CA,M,1938,Robert
CA,M,1939,Robert
CA,M,1940,Robert
CA,M,1941,Robert
CA,M,1942,Robert
CA,M,1943,Robert
CA,M,1944,Robert
CA,M,1945,Robert
CA,M,1946,Robert
CA,M,1947,Robert
CA,M,1948,Robert
CA,M,1949,Robert
CA,M,1950,Robert
CA,M,1951,Michael
CA,M,1952,Michael
CA,M,1953,Michael
CA,M,1954,Michael
CA,M,1955,Michael
CA,M,1956,Michael
CA,M,1957,Michael
CA,M,1958,Michael
CA,M,1959,David
CA,M,1960,David
CA,M,1961,David
CA,M,1962,David
CA,M,1963,Michael
CA,M,1964,Michael
CA,M,1965,Michael
CA,M,1966,Michael
CA,M,1967,Michael
CA,M,1968,Michael
CA,M,1969,Michael
CA,M,1970,Michael
CA,M,1971,Michael
CA,M,1972,Michael
CA,M,1973,Michael
CA,M,1974,Michael
CA,M,1975,Michael
CA,M,1976,Michael
CA,M,1977,Michael
CA,M,1978,Michael
CA,M,1979,Michael
CA,M,1980,Michael
CA,M,1981,Michael
CA,M,1982,Michael
CA,M,1983,Michael
CA,M,1984,Michael
CA,M,1985,Michael
CA,M,1986,Michael
CA,M,1987,Michael
CA,M,1988,Michael
CA,M,1989,Michael
CA,M,1990,Michael
CA,M,1991,Michael
CA,M,1992,Michael
CA,M,1993,Michael
CA,M,1994,Daniel
CA,M,1995,Daniel
CA,M,1996,Daniel
CA,M,1997,Daniel
CA,M,1998,Daniel
CA,M,1999,Daniel
CA,M,2000,Daniel
CA,M,2001,Daniel
CA,M,2002,Daniel
CA,M,2003,Daniel
CA,M,2004,Daniel
CA,M,2005,Daniel
CA,M,2006,Daniel
CA,M,2007,Daniel
CA,M,2008,Daniel
CA,M,2009,Daniel
CA,M,2010,Jacob
CA,M,2011,Jacob
CA,M,2012,Jacob
CA,M,2013,Jacob
CA,M,2014,Noah
CA,M,2015,Noah
CA,M,2016,Noah
CA,M,2017,Noah
CA,M,2018,Noah
CO,M,1910,John
CO,M,1911,John
CO,M,1912,John
CO,M,1913,John
CO,M,1914,John
CO,M,1915,John
CO,M,1916,John
CO,M,1917,John
CO,M,1918,John
CO,M,1919,John
CO,M,1920,Robert
CO,M,1921,Robert
CO,M,1922,Robert
CO,M,1923,Robert
CO,M,1924,Robert
CO,M,1925,Robert
CO,M,1926,Robert
CO,M,1927,Robert
CO,M,1928,Robert
CO,M,1929,Robert
CO,M,1930,Robert
CO,M,1931,Robert
CO,M,1932,Robert
CO,M,1933,Robert
CO,M,1934,Robert
CO,M,1935,Robert
CO,M,1936,Robert
CO,M,1937,Robert
CO,M,1938,Robert
CO,M,1939,Robert
CO,M,1940,Robert
CO,M,1941,Robert
CO,M,1942,Robert
CO,M,1943,James
CO,M,1944,Robert
CO,M,1945,Robert
CO,M,1946,Robert
CO,M,1947,Robert
CO,M,1948,Robert
CO,M,1949,John
CO,M,1950,Robert
CO,M,1951,Robert
CO,M,1952,Robert
CO,M,1953,David
CO,M,1954,Michael
CO,M,1955,Michael
CO,M,1956,Michael
CO,M,1957,Michael
CO,M,1958,Michael
CO,M,1959,David
CO,M,1960,David
CO,M,1961,David
CO,M,1962,David
CO,M,1963,Michael
CO,M,1964,Michael
CO,M,1965,Michael
CO,M,1966,Michael
CO,M,1967,Michael
CO,M,1968,Michael
CO,M,1969,Michael
CO,M,1970,Michael
CO,M,1971,Michael
CO,M,1972,Michael
CO,M,1973,Michael
CO,M,1974,Michael
CO,M,1975,Michael
CO,M,1976,Michael
CO,M,1977,Michael
CO,M,1978,Michael
CO,M,1979,Michael
CO,M,1980,Michael
CO,M,1981,Michael
CO,M,1982,Michael
CO,M,1983,Michael
CO,M,1984,Michael
CO,M,1985,Michael
CO,M,1986,Michael
CO,M,1987,Michael
CO,M,1988,Michael
CO,M,1989,Michael
CO,M,1990,Michael
CO,M,1991,Michael
CO,M,1992,Michael
CO,M,1993,Michael
CO,M,1994,Michael
CO,M,1995,Michael
CO,M,1996,Jacob
CO,M,1997,Jacob
CO,M,1998,Jacob
CO,M,1999,Jacob
CO,M,2000,Jacob
CO,M,2001,Jacob
CO,M,2002,Jacob
CO,M,2003,Jacob
CO,M,2004,Jacob
CO,M,2005,Jacob
CO,M,2006,Jacob
CO,M,2007,Jacob
CO,M,2008,Alexander
CO,M,2009,Alexander
CO,M,2010,Jacob
CO,M,2011,Liam
CO,M,2012,Liam
CO,M,2013,Liam
CO,M,2014,Liam
CO,M,2015,Liam
CO,M,2016,Liam
CO,M,2017,Liam
CO,M,2018,Liam
CT,M,1910,John
CT,M,1911,John
CT,M,1912,John
CT,M,1913,John
CT,M,1914,John
CT,M,1915,John
CT,M,1916,John
CT,M,1917,John
CT,M,1918,John
CT,M,1919,John
CT,M,1920,John
CT,M,1921,John
CT,M,1922,John
CT,M,1923,John
CT,M,1924,John
CT,M,1925,John
CT,M,1926,John
CT,M,1927,John
CT,M,1928,John
CT,M,1929,John
CT,M,1930,John
CT,M,1931,Robert
CT,M,1932,Robert
CT,M,1933,Robert
CT,M,1934,Robert
CT,M,1935,Robert
CT,M,1936,Robert
CT,M,1937,Robert
CT,M,1938,Robert
CT,M,1939,Robert
CT,M,1940,Robert
CT,M,1941,Robert
CT,M,1942,Robert
CT,M,1943,Robert
CT,M,1944,Robert
CT,M,1945,Robert
CT,M,1946,Robert
CT,M,1947,Robert
CT,M,1948,Robert
CT,M,1949,Robert
CT,M,1950,Robert
CT,M,1951,Robert
CT,M,1952,Robert
CT,M,1953,John
CT,M,1954,John
CT,M,1955,Robert
CT,M,1956,Robert
CT,M,1957,Michael
CT,M,1958,Michael
CT,M,1959,John
CT,M,1960,John
CT,M,1961,Michael
CT,M,1962,John
CT,M,1963,John
CT,M,1964,John
CT,M,1965,Michael
CT,M,1966,Michael
CT,M,1967,Michael
CT,M,1968,Michael
CT,M,1969,Michael
CT,M,1970,Michael
CT,M,1971,Michael
CT,M,1972,Michael
CT,M,1973,Michael
CT,M,1974,Michael
CT,M,1975,Michael
CT,M,1976,Michael
CT,M,1977,Michael
CT,M,1978,Michael
CT,M,1979,Michael
CT,M,1980,Michael
CT,M,1981,Michael
CT,M,1982,Michael
CT,M,1983,Michael
CT,M,1984,Michael
CT,M,1985,Michael
CT,M,1986,Michael
CT,M,1987,Michael
CT,M,1988,Michael
CT,M,1989,Michael
CT,M,1990,Michael
CT,M,1991,Michael
CT,M,1992,Michael
CT,M,1993,Michael
CT,M,1994,Michael
CT,M,1995,Michael
CT,M,1996,Michael
CT,M,1997,Michael
CT,M,1998,Michael
CT,M,1999,Matthew
CT,M,2000,Michael
CT,M,2001,Michael
CT,M,2002,Michael
CT,M,2003,Matthew
CT,M,2004,Michael
CT,M,2005,Ryan
CT,M,2006,Michael
CT,M,2007,Michael
CT,M,2008,Michael
CT,M,2009,Michael
CT,M,2010,Michael
CT,M,2011,Alexander
CT,M,2012,Mason
CT,M,2013,William
CT,M,2014,Mason
CT,M,2015,Noah
CT,M,2016,Noah
CT,M,2017,Noah
CT,M,2018,Noah
DC,M,1910,James
DC,M,1911,William
DC,M,1912,William
DC,M,1913,William
DC,M,1914,William
DC,M,1915,John
DC,M,1916,John
DC,M,1917,John
DC,M,1918,William
DC,M,1919,William
DC,M,1920,William
DC,M,1921,William
DC,M,1922,William
DC,M,1923,John
DC,M,1924,William
DC,M,1925,William
DC,M,1926,William
DC,M,1927,John
DC,M,1928,William
DC,M,1929,James
DC,M,1930,William
DC,M,1931,Robert
DC,M,1932,Robert
DC,M,1933,Robert
DC,M,1934,Robert
DC,M,1935,John
DC,M,1936,Robert
DC,M,1937,Robert
DC,M,1938,Robert
DC,M,1939,John
DC,M,1940,John
DC,M,1941,James
DC,M,1942,John
DC,M,1943,John
DC,M,1944,John
DC,M,1945,John
DC,M,1946,John
DC,M,1947,John
DC,M,1948,John
DC,M,1949,Robert
DC,M,1950,John
DC,M,1951,Robert
DC,M,1952,John
DC,M,1953,Michael
DC,M,1954,Michael
DC,M,1955,Michael
DC,M,1956,Michael
DC,M,1957,Michael
DC,M,1958,Michael
DC,M,1959,Michael
DC,M,1960,Michael
DC,M,1961,Michael
DC,M,1962,Michael
DC,M,1963,John
DC,M,1964,John
DC,M,1965,Michael
DC,M,1966,Michael
DC,M,1967,Michael
DC,M,1968,Michael
DC,M,1969,Michael
DC,M,1970,Michael
DC,M,1971,Michael
DC,M,1972,Michael
DC,M,1973,Michael
DC,M,1974,Michael
DC,M,1975,Michael
DC,M,1976,Michael
DC,M,1977,Michael
DC,M,1978,Michael
DC,M,1979,Michael
DC,M,1980,Michael
DC,M,1981,Michael
DC,M,1982,Michael
DC,M,1983,Michael
DC,M,1984,Michael
DC,M,1985,Michael
DC,M,1986,Michael
DC,M,1987,Michael
DC,M,1988,Michael
DC,M,1989,Michael
DC,M,1990,Michael
DC,M,1991,Michael
DC,M,1992,Michael
DC,M,1993,Michael
DC,M,1994,Michael
DC,M,1995,Michael
DC,M,1996,Michael
DC,M,1997,Michael
DC,M,1998,Michael
DC,M,1999,Michael
DC,M,2000,John
DC,M,2001,Michael
DC,M,2002,Michael
DC,M,2003,Michael
DC,M,2004,William
DC,M,2005,William
DC,M,2006,William
DC,M,2007,William
DC,M,2008,William
DC,M,2009,William
DC,M,2010,William
DC,M,2011,William
DC,M,2012,William
DC,M,2013,William
DC,M,2014,Alexander
DC,M,2015,William
DC,M,2016,William
DC,M,2017,James
DC,M,2018,William
DE,M,1910,William
DE,M,1911,William
DE,M,1912,John
DE,M,1913,John
DE,M,1914,William
DE,M,1915,John
DE,M,1916,William
DE,M,1917,John
DE,M,1918,John
DE,M,1919,William
DE,M,1920,William
DE,M,1921,William
DE,M,1922,William
DE,M,1923,William
DE,M,1924,William
DE,M,1925,William
DE,M,1926,William
DE,M,1927,William
DE,M,1928,William
DE,M,1929,John
DE,M,1930,William
DE,M,1931,William
DE,M,1932,William
DE,M,1933,William
DE,M,1934,John
DE,M,1935,William
DE,M,1936,Robert
DE,M,1937,William
DE,M,1938,William
DE,M,1939,John
DE,M,1940,William
DE,M,1941,John
DE,M,1942,John
DE,M,1943,William
DE,M,1944,William
DE,M,1945,Robert
DE,M,1946,John
DE,M,1947,William
DE,M,1948,James
DE,M,1949,John
DE,M,1950,William
DE,M,1951,John
DE,M,1952,William
DE,M,1953,John
DE,M,1954,John
DE,M,1955,John
DE,M,1956,John
DE,M,1957,John
DE,M,1958,Michael
DE,M,1959,John
DE,M,1960,David
DE,M,1961,John
DE,M,1962,John
DE,M,1963,David
DE,M,1964,John
DE,M,1965,John
DE,M,1966,Michael
DE,M,1967,Michael
DE,M,1968,Michael
DE,M,1969,Michael
DE,M,1970,Michael
DE,M,1971,Michael
DE,M,1972,Michael
DE,M,1973,Michael
DE,M,1974,Michael
DE,M,1975,Michael
DE,M,1976,Michael
DE,M,1977,Michael
DE,M,1978,Michael
DE,M,1979,Michael
DE,M,1980,Michael
DE,M,1981,Michael
DE,M,1982,Michael
DE,M,1983,Michael
DE,M,1984,Michael
DE,M,1985,Michael
DE,M,1986,Michael
DE,M,1987,Michael
DE,M,1988,Michael
DE,M,1989,Michael
DE,M,1990,Michael
DE,M,1991,Michael
DE,M,1992,Michael
DE,M,1993,Michael
DE,M,1994,Michael
DE,M,1995,Michael
DE,M,1996,Michael
DE,M,1997,Michael
DE,M,1998,Michael
DE,M,1999,Michael
DE,M,2000,Michael
DE,M,2001,Michael
DE,M,2002,Matthew
DE,M,2003,Michael
DE,M,2004,Ryan
DE,M,2005,Michael
DE,M,2006,Ryan
DE,M,2007,Michael
DE,M,2008,Michael
DE,M,2009,Alexander
DE,M,2010,Michael
DE,M,2011,Michael
DE,M,2012,Michael
DE,M,2013,Michael
DE,M,2014,Liam
DE,M,2015,Noah
DE,M,2016,Liam
DE,M,2017,Noah
DE,M,2018,Liam
FL,M,1910,James
FL,M,1911,James
FL,M,1912,James
FL,M,1913,James
FL,M,1914,James
FL,M,1915,James
FL,M,1916,James
FL,M,1917,James
FL,M,1918,James
FL,M,1919,James
FL,M,1920,James
FL,M,1921,James
FL,M,1922,James
FL,M,1923,James
FL,M,1924,James
FL,M,1925,James
FL,M,1926,James
FL,M,1927,James
FL,M,1928,James
FL,M,1929,James
FL,M,1930,James
FL,M,1931,James
FL,M,1932,James
FL,M,1933,James
FL,M,1934,James
FL,M,1935,James
FL,M,1936,James
FL,M,1937,James
FL,M,1938,James
FL,M,1939,James
FL,M,1940,James
FL,M,1941,James
FL,M,1942,James
FL,M,1943,James
FL,M,1944,James
FL,M,1945,James
FL,M,1946,James
FL,M,1947,James
FL,M,1948,James
FL,M,1949,James
FL,M,1950,James
FL,M,1951,James
FL,M,1952,James
FL,M,1953,James
FL,M,1954,James
FL,M,1955,James
FL,M,1956,James
FL,M,1957,James
FL,M,1958,James
FL,M,1959,James
FL,M,1960,James
FL,M,1961,James
FL,M,1962,James
FL,M,1963,James
FL,M,1964,James
FL,M,1965,Michael
FL,M,1966,James
FL,M,1967,Michael
FL,M,1968,Michael
FL,M,1969,Michael
FL,M,1970,Michael
FL,M,1971,Michael
FL,M,1972,Michael
FL,M,1973,Michael
FL,M,1974,Michael
FL,M,1975,Michael
FL,M,1976,Michael
FL,M,1977,Michael
FL,M,1978,Michael
FL,M,1979,Michael
FL,M,1980,Michael
FL,M,1981,Michael
FL,M,1982,Michael
FL,M,1983,Michael
FL,M,1984,Michael
FL,M,1985,Michael
FL,M,1986,Michael
FL,M,1987,Michael
FL,M,1988,Michael
FL,M,1989,Michael
FL,M,1990,Michael
FL,M,1991,Michael
FL,M,1992,Michael
FL,M,1993,Michael
FL,M,1994,Michael
FL,M,1995,Michael
FL,M,1996,Michael
FL,M,1997,Michael
FL,M,1998,Michael
FL,M,1999,Michael
FL,M,2000,Michael
FL,M,2001,Michael
FL,M,2002,Michael
FL,M,2003,Michael
FL,M,2004,Michael
FL,M,2005,Joshua
FL,M,2006,Joshua
FL,M,2007,Anthony
FL,M,2008,Jayden
FL,M,2009,Jayden
FL,M,2010,Jayden
FL,M,2011,Jayden
FL,M,2012,Jayden
FL,M,2013,Jayden
FL,M,2014,Noah
FL,M,2015,Liam
FL,M,2016,Liam
FL,M,2017,Liam
FL,M,2018,Liam
GA,M,1910,James
GA,M,1911,James
GA,M,1912,James
GA,M,1913,James
GA,M,1914,James
GA,M,1915,James
GA,M,1916,James
GA,M,1917,James
GA,M,1918,James
GA,M,1919,James
GA,M,1920,James
GA,M,1921,James
GA,M,1922,James
GA,M,1923,James
GA,M,1924,James
GA,M,1925,James
GA,M,1926,James
GA,M,1927,James
GA,M,1928,James
GA,M,1929,James
GA,M,1930,James
GA,M,1931,James
GA,M,1932,James
GA,M,1933,James
GA,M,1934,James
GA,M,1935,James
GA,M,1936,James
GA,M,1937,James
GA,M,1938,James
GA,M,1939,James
GA,M,1940,James
GA,M,1941,James
GA,M,1942,James
GA,M,1943,James
GA,M,1944,James
GA,M,1945,James
GA,M,1946,James
GA,M,1947,James
GA,M,1948,James
GA,M,1949,James
GA,M,1950,James
GA,M,1951,James
GA,M,1952,James
GA,M,1953,James
GA,M,1954,James
GA,M,1955,James
GA,M,1956,James
GA,M,1957,James
GA,M,1958,James
GA,M,1959,James
GA,M,1960,James
GA,M,1961,James
GA,M,1962,James
GA,M,1963,James
GA,M,1964,James
GA,M,1965,James
GA,M,1966,James
GA,M,1967,James
GA,M,1968,James
GA,M,1969,James
GA,M,1970,Michael
GA,M,1971,Michael
GA,M,1972,Michael
GA,M,1973,Michael
GA,M,1974,Michael
GA,M,1975,Michael
GA,M,1976,Michael
GA,M,1977,Michael
GA,M,1978,Michael
GA,M,1979,Michael
GA,M,1980,James
GA,M,1981,Michael
GA,M,1982,Christopher
GA,M,1983,Christopher
GA,M,1984,Christopher
GA,M,1985,Christopher
GA,M,1986,Christopher
GA,M,1987,Christopher
GA,M,1988,Christopher
GA,M,1989,Christopher
GA,M,1990,Christopher
GA,M,1991,Christopher
GA,M,1992,Christopher
GA,M,1993,Christopher
GA,M,1994,Christopher
GA,M,1995,Christopher
GA,M,1996,Christopher
GA,M,1997,Christopher
GA,M,1998,William
GA,M,1999,William
GA,M,2000,William
GA,M,2001,William
GA,M,2002,William
GA,M,2003,William
GA,M,2004,William
GA,M,2005,William
GA,M,2006,William
GA,M,2007,William
GA,M,2008,William
GA,M,2009,William
GA,M,2010,William
GA,M,2011,William
GA,M,2012,William
GA,M,2013,William
GA,M,2014,William
GA,M,2015,William
GA,M,2016,William
GA,M,2017,William
GA,M,2018,William
HI,M,1910,John
HI,M,1911,John
HI,M,1912,John
HI,M,1913,George
HI,M,1914,George
HI,M,1915,George
HI,M,1916,John
HI,M,1917,John
HI,M,1918,John
HI,M,1919,John
HI,M,1920,John
HI,M,1921,John
HI,M,1922,John
HI,M,1923,George
HI,M,1924,John
HI,M,1925,George
HI,M,1926,George
HI,M,1927,George
HI,M,1928,George
HI,M,1929,George
HI,M,1930,George
HI,M,1931,George
HI,M,1932,George
HI,M,1933,George
HI,M,1934,Richard
HI,M,1935,Richard
HI,M,1936,Richard
HI,M,1937,Robert
HI,M,1938,Robert
HI,M,1939,Robert
HI,M,1940,Robert
HI,M,1941,Robert
HI,M,1942,Robert
HI,M,1943,Robert
HI,M,1944,Robert
HI,M,1945,Robert
HI,M,1946,Robert
HI,M,1947,Robert
HI,M,1948,Michael
HI,M,1949,Michael
HI,M,1950,Michael
HI,M,1951,Michael
HI,M,1952,Michael
HI,M,1953,Michael
HI,M,1954,Michael
HI,M,1955,Michael
HI,M,1956,Michael
HI,M,1957,Michael
HI,M,1958,Michael
HI,M,1959,Michael
HI,M,1960,Michael
HI,M,1961,Michael
HI,M,1962,Michael
HI,M,1963,Michael
HI,M,1964,Michael
HI,M,1965,Michael
HI,M,1966,Michael
HI,M,1967,Michael
HI,M,1968,Michael
HI,M,1969,Michael
HI,M,1970,Michael
HI,M,1971,Michael
HI,M,1972,Michael
HI,M,1973,Michael
HI,M,1974,Michael
HI,M,1975,Michael
HI,M,1976,Michael
HI,M,1977,Michael
HI,M,1978,Jason
HI,M,1979,Michael
HI,M,1980,Michael
HI,M,1981,Michael
HI,M,1982,Christopher
HI,M,1983,Christopher
HI,M,1984,Christopher
HI,M,1985,Christopher
HI,M,1986,Michael
HI,M,1987,Christopher
HI,M,1988,Michael
HI,M,1989,Joshua
HI,M,1990,Joshua
HI,M,1991,Joshua
HI,M,1992,Joshua
HI,M,1993,Joshua
HI,M,1994,Joshua
HI,M,1995,Joshua
HI,M,1996,Joshua
HI,M,1997,Joshua
HI,M,1998,Joshua
HI,M,1999,Joshua
HI,M,2000,Joshua
HI,M,2001,Joshua
HI,M,2002,Joshua
HI,M,2003,Joshua
HI,M,2004,Joshua
HI,M,2005,Joshua
HI,M,2006,Noah
HI,M,2007,Noah
HI,M,2008,Ethan
HI,M,2009,Ethan
HI,M,2010,Noah
HI,M,2011,Noah
HI,M,2012,Ethan
HI,M,2013,Liam
HI,M,2014,Noah
HI,M,2015,Noah
HI,M,2016,Noah
HI,M,2017,Liam
HI,M,2018,Liam
IA,M,1910,John
IA,M,1911,John
IA,M,1912,John
IA,M,1913,John
IA,M,1914,John
IA,M,1915,John
IA,M,1916,Robert
IA,M,1917,Robert
IA,M,1918,Robert
IA,M,1919,Robert
IA,M,1920,Robert
IA,M,1921,Robert
IA,M,1922,Robert
IA,M,1923,Robert
IA,M,1924,Robert
IA,M,1925,Robert
IA,M,1926,Robert
IA,M,1927,Robert
IA,M,1928,Robert
IA,M,1929,Robert
IA,M,1930,Robert
IA,M,1931,Robert
IA,M,1932,Robert
IA,M,1933,Robert
IA,M,1934,Robert
IA,M,1935,Robert
IA,M,1936,Robert
IA,M,1937,Robert
IA,M,1938,Robert
IA,M,1939,Robert
IA,M,1940,Robert
IA,M,1941,Robert
IA,M,1942,Robert
IA,M,1943,Robert
IA,M,1944,Robert
IA,M,1945,James
IA,M,1946,James
IA,M,1947,James
IA,M,1948,James
IA,M,1949,James
IA,M,1950,David
IA,M,1951,Michael
IA,M,1952,Michael
IA,M,1953,David
IA,M,1954,David
IA,M,1955,David
IA,M,1956,David
IA,M,1957,David
IA,M,1958,David
IA,M,1959,David
IA,M,1960,David
IA,M,1961,David
IA,M,1962,David
IA,M,1963,David
IA,M,1964,David
IA,M,1965,Michael
IA,M,1966,Michael
IA,M,1967,Michael
IA,M,1968,Michael
IA,M,1969,Michael
IA,M,1970,Michael
IA,M,1971,Michael
IA,M,1972,Jason
IA,M,1973,Jason
IA,M,1974,Jason
IA,M,1975,Jason
IA,M,1976,Jason
IA,M,1977,Jason
IA,M,1978,Jason
IA,M,1979,Matthew
IA,M,1980,Joshua
IA,M,1981,Matthew
IA,M,1982,Matthew
IA,M,1983,Matthew
IA,M,1984,Matthew
IA,M,1985,Matthew
IA,M,1986,Matthew
IA,M,1987,Michael
IA,M,1988,Matthew
IA,M,1989,Michael
IA,M,1990,Michael
IA,M,1991,Jacob
IA,M,1992,Tyler
IA,M,1993,Jacob
IA,M,1994,Jacob
IA,M,1995,Jacob
IA,M,1996,Jacob
IA,M,1997,Jacob
IA,M,1998,Jacob
IA,M,1999,Jacob
IA,M,2000,Jacob
IA,M,2001,Jacob
IA,M,2002,Jacob
IA,M,2003,Jacob
IA,M,2004,Jacob
IA,M,2005,Ethan
IA,M,2006,Ethan
IA,M,2007,Ethan
IA,M,2008,Ethan
IA,M,2009,Jacob
IA,M,2010,Mason
IA,M,2011,Carter
IA,M,2012,Liam
IA,M,2013,Liam
IA,M,2014,Liam
IA,M,2015,Liam
IA,M,2016,Oliver
IA,M,2017,Oliver
IA,M,2018,Oliver
ID,M,1910,John
ID,M,1911,William
ID,M,1912,John
ID,M,1913,John
ID,M,1914,John
ID,M,1915,John
ID,M,1916,John
ID,M,1917,Robert
ID,M,1918,Robert
ID,M,1919,Robert
ID,M,1920,Robert
ID,M,1921,Robert
ID,M,1922,Robert
ID,M,1923,Robert
ID,M,1924,Robert
ID,M,1925,Robert
ID,M,1926,Robert
ID,M,1927,Robert
ID,M,1928,Robert
ID,M,1929,Robert
ID,M,1930,Robert
ID,M,1931,Robert
ID,M,1932,Robert
ID,M,1933,Robert
ID,M,1934,Robert
ID,M,1935,Robert
ID,M,1936,Robert
ID,M,1937,Robert
ID,M,1938,Robert
ID,M,1939,Robert
ID,M,1940,Robert
ID,M,1941,Robert
ID,M,1942,James
ID,M,1943,Robert
ID,M,1944,John
ID,M,1945,Robert
ID,M,1946,Robert
ID,M,1947,Robert
ID,M,1948,Robert
ID,M,1949,Robert
ID,M,1950,Robert
ID,M,1951,Michael
ID,M,1952,Michael
ID,M,1953,Michael
ID,M,1954,Michael
ID,M,1955,Michael
ID,M,1956,David
ID,M,1957,Michael
ID,M,1958,Michael
ID,M,1959,David
ID,M,1960,David
ID,M,1961,David
ID,M,1962,David
ID,M,1963,Michael
ID,M,1964,David
ID,M,1965,Michael
ID,M,1966,Michael
ID,M,1967,Michael
ID,M,1968,Michael
ID,M,1969,Michael
ID,M,1970,Michael
ID,M,1971,Michael
ID,M,1972,Jason
ID,M,1973,Jason
ID,M,1974,Jason
ID,M,1975,Jason
ID,M,1976,Michael
ID,M,1977,Michael
ID,M,1978,Michael
ID,M,1979,Michael
ID,M,1980,Michael
ID,M,1981,Joshua
ID,M,1982,Joshua
ID,M,1983,Michael
ID,M,1984,Michael
ID,M,1985,Michael
ID,M,1986,Michael
ID,M,1987,Michael
ID,M,1988,Michael
ID,M,1989,Joshua
ID,M,1990,Michael
ID,M,1991,Michael
ID,M,1992,Jacob
ID,M,1993,Jacob
ID,M,1994,Tyler
ID,M,1995,Jacob
ID,M,1996,Jacob
ID,M,1997,Jacob
ID,M,1998,Jacob
ID,M,1999,Jacob
ID,M,2000,Jacob
ID,M,2001,Jacob
ID,M,2002,Jacob
ID,M,2003,Ethan
ID,M,2004,Ethan
ID,M,2005,Ethan
ID,M,2006,Ethan
ID,M,2007,Jacob
ID,M,2008,Ethan
ID,M,2009,Logan
ID,M,2010,William
ID,M,2011,Mason
ID,M,2012,Liam
ID,M,2013,Liam
ID,M,2014,Liam
ID,M,2015,Liam
ID,M,2016,Oliver
ID,M,2017,Oliver
ID,M,2018,Liam
IL,M,1910,John
IL,M,1911,John
IL,M,1912,John
IL,M,1913,John
IL,M,1914,John
IL,M,1915,John
IL,M,1916,John
IL,M,1917,John
IL,M,1918,John
IL,M,1919,John
IL,M,1920,Robert
IL,M,1921,Robert
IL,M,1922,Robert
IL,M,1923,Robert
IL,M,1924,Robert
IL,M,1925,Robert
IL,M,1926,Robert
IL,M,1927,Robert
IL,M,1928,Robert
IL,M,1929,Robert
IL,M,1930,Robert
IL,M,1931,Robert
IL,M,1932,Robert
IL,M,1933,Robert
IL,M,1934,Robert
IL,M,1935,Robert
IL,M,1936,Robert
IL,M,1937,Robert
IL,M,1938,Robert
IL,M,1939,Robert
IL,M,1940,Robert
IL,M,1941,Robert
IL,M,1942,Robert
IL,M,1943,Robert
IL,M,1944,Robert
IL,M,1945,Robert
IL,M,1946,Robert
IL,M,1947,James
IL,M,1948,Robert
IL,M,1949,Robert
IL,M,1950,James
IL,M,1951,Robert
IL,M,1952,Michael
IL,M,1953,Michael
IL,M,1954,Michael
IL,M,1955,Michael
IL,M,1956,Michael
IL,M,1957,Michael
IL,M,1958,Michael
IL,M,1959,Michael
IL,M,1960,Michael
IL,M,1961,Michael
IL,M,1962,Michael
IL,M,1963,Michael
IL,M,1964,Michael
IL,M,1965,Michael
IL,M,1966,Michael
IL,M,1967,Michael
IL,M,1968,Michael
IL,M,1969,Michael
IL,M,1970,Michael
IL,M,1971,Michael
IL,M,1972,Michael
IL,M,1973,Michael
IL,M,1974,Michael
IL,M,1975,Michael
IL,M,1976,Michael
IL,M,1977,Michael
IL,M,1978,Michael
IL,M,1979,Michael
IL,M,1980,Michael
IL,M,1981,Michael
IL,M,1982,Michael
IL,M,1983,Michael
IL,M,1984,Michael
IL,M,1985,Michael
IL,M,1986,Michael
IL,M,1987,Michael
IL,M,1988,Michael
IL,M,1989,Michael
IL,M,1990,Michael
IL,M,1991,Michael
IL,M,1992,Michael
IL,M,1993,Michael
IL,M,1994,Michael
IL,M,1995,Michael
IL,M,1996,Michael
IL,M,1997,Michael
IL,M,1998,Michael
IL,M,1999,Michael
IL,M,2000,Jacob
IL,M,2001,Michael
IL,M,2002,Michael
IL,M,2003,Michael
IL,M,2004,Michael
IL,M,2005,Michael
IL,M,2006,Daniel
IL,M,2007,Daniel
IL,M,2008,Alexander
IL,M,2009,Alexander
IL,M,2010,Alexander
IL,M,2011,Alexander
IL,M,2012,Jacob
IL,M,2013,Noah
IL,M,2014,Noah
IL,M,2015,Noah
IL,M,2016,Noah
IL,M,2017,Noah
IL,M,2018,Noah
IN,M,1910,William
IN,M,1911,John
IN,M,1912,John
IN,M,1913,John
IN,M,1914,John
IN,M,1915,Robert
IN,M,1916,Robert
IN,M,1917,Robert
IN,M,1918,Robert
IN,M,1919,Robert
IN,M,1920,Robert
IN,M,1921,Robert
IN,M,1922,Robert
IN,M,1923,Robert
IN,M,1924,Robert
IN,M,1925,Robert
IN,M,1926,Robert
IN,M,1927,Robert
IN,M,1928,Robert
IN,M,1929,Robert
IN,M,1930,Robert
IN,M,1931,Robert
IN,M,1932,Robert
IN,M,1933,Robert
IN,M,1934,Robert
IN,M,1935,Robert
IN,M,1936,Robert
IN,M,1937,Robert
IN,M,1938,Robert
IN,M,1939,James
IN,M,1940,James
IN,M,1941,James
IN,M,1942,James
IN,M,1943,James
IN,M,1944,James
IN,M,1945,James
IN,M,1946,James
IN,M,1947,James
IN,M,1948,James
IN,M,1949,James
IN,M,1950,Michael
IN,M,1951,Michael
IN,M,1952,Michael
IN,M,1953,Michael
IN,M,1954,Michael
IN,M,1955,David
IN,M,1956,Michael
IN,M,1957,Michael
IN,M,1958,Michael
IN,M,1959,David
IN,M,1960,David
IN,M,1961,David
IN,M,1962,David
IN,M,1963,David
IN,M,1964,David
IN,M,1965,Michael
IN,M,1966,Michael
IN,M,1967,Michael
IN,M,1968,Michael
IN,M,1969,Michael
IN,M,1970,Michael
IN,M,1971,Michael
IN,M,1972,Michael
IN,M,1973,Michael
IN,M,1974,Jason
IN,M,1975,Jason
IN,M,1976,Jason
IN,M,1977,Jason
IN,M,1978,Jason
IN,M,1979,Michael
IN,M,1980,Michael
IN,M,1981,Michael
IN,M,1982,Michael
IN,M,1983,Michael
IN,M,1984,Matthew
IN,M,1985,Joshua
IN,M,1986,Michael
IN,M,1987,Michael
IN,M,1988,Michael
IN,M,1989,Joshua
IN,M,1990,Michael
IN,M,1991,Michael
IN,M,1992,Michael
IN,M,1993,Jacob
IN,M,1994,Jacob
IN,M,1995,Jacob
IN,M,1996,Jacob
IN,M,1997,Jacob
IN,M,1998,Jacob
IN,M,1999,Jacob
IN,M,2000,Jacob
IN,M,2001,Jacob
IN,M,2002,Jacob
IN,M,2003,Jacob
IN,M,2004,Jacob
IN,M,2005,Jacob
IN,M,2006,Jacob
IN,M,2007,Jacob
IN,M,2008,Jacob
IN,M,2009,Ethan
IN,M,2010,Elijah
IN,M,2011,Mason
IN,M,2012,Liam
IN,M,2013,Liam
IN,M,2014,Liam
IN,M,2015,Liam
IN,M,2016,Liam
IN,M,2017,Oliver
IN,M,2018,Oliver
KS,M,1910,John
KS,M,1911,John
KS,M,1912,John
KS,M,1913,John
KS,M,1914,John
KS,M,1915,John
KS,M,1916,John
KS,M,1917,John
KS,M,1918,John
KS,M,1919,John
KS,M,1920,Robert
KS,M,1921,Robert
KS,M,1922,Robert
KS,M,1923,Robert
KS,M,1924,Robert
KS,M,1925,Robert
KS,M,1926,Robert
KS,M,1927,Robert
KS,M,1928,Robert
KS,M,1929,Robert
KS,M,1930,Robert
KS,M,1931,Robert
KS,M,1932,Robert
KS,M,1933,Robert
KS,M,1934,Robert
KS,M,1935,Robert
KS,M,1936,Robert
KS,M,1937,Robert
KS,M,1938,Robert
KS,M,1939,Larry
KS,M,1940,Larry
KS,M,1941,Larry
KS,M,1942,Larry
KS,M,1943,Robert
KS,M,1944,Robert
KS,M,1945,Robert
KS,M,1946,Robert
KS,M,1947,Robert
KS,M,1948,Robert
KS,M,1949,Robert
KS,M,1950,Robert
KS,M,1951,Michael
KS,M,1952,Michael
KS,M,1953,Michael
KS,M,1954,Michael
KS,M,1955,David
KS,M,1956,Michael
KS,M,1957,Michael
KS,M,1958,David
KS,M,1959,David
KS,M,1960,David
KS,M,1961,David
KS,M,1962,David
KS,M,1963,David
KS,M,1964,David
KS,M,1965,Michael
KS,M,1966,Michael
KS,M,1967,Michael
KS,M,1968,Michael
KS,M,1969,Michael
KS,M,1970,Michael
KS,M,1971,Michael
KS,M,1972,Michael
KS,M,1973,Jason
KS,M,1974,Jason
KS,M,1975,Jason
KS,M,1976,Jason
KS,M,1977,Jason
KS,M,1978,Jason
KS,M,1979,Michael
KS,M,1980,Michael
KS,M,1981,Michael
KS,M,1982,Christopher
KS,M,1983,Christopher
KS,M,1984,Christopher
KS,M,1985,Christopher
KS,M,1986,Michael
KS,M,1987,Christopher
KS,M,1988,Joshua
KS,M,1989,Joshua
KS,M,1990,Michael
KS,M,1991,Michael
KS,M,1992,Tyler
KS,M,1993,Jacob
KS,M,1994,Austin
KS,M,1995,Jacob
KS,M,1996,Jacob
KS,M,1997,Jacob
KS,M,1998,Jacob
KS,M,1999,Jacob
KS,M,2000,Jacob
KS,M,2001,Jacob
KS,M,2002,Jacob
KS,M,2003,Jacob
KS,M,2004,Jacob
KS,M,2005,Jacob
KS,M,2006,Jacob
KS,M,2007,Ethan
KS,M,2008,Ethan
KS,M,2009,Ethan
KS,M,2010,Jacob
KS,M,2011,Mason
KS,M,2012,Mason
KS,M,2013,Liam
KS,M,2014,William
KS,M,2015,Liam
KS,M,2016,Benjamin
KS,M,2017,Oliver
KS,M,2018,Liam
KY,M,1910,James
KY,M,1911,William
KY,M,1912,William
KY,M,1913,William
KY,M,1914,James
KY,M,1915,James
KY,M,1916,James
KY,M,1917,James
KY,M,1918,James
KY,M,1919,James
KY,M,1920,James
KY,M,1921,James
KY,M,1922,James
KY,M,1923,James
KY,M,1924,James
KY,M,1925,James
KY,M,1926,James
KY,M,1927,James
KY,M,1928,James
KY,M,1929,James
KY,M,1930,James
KY,M,1931,James
KY,M,1932,James
KY,M,1933,James
KY,M,1934,James
KY,M,1935,James
KY,M,1936,James
KY,M,1937,James
KY,M,1938,James
KY,M,1939,James
KY,M,1940,James
KY,M,1941,James
KY,M,1942,James
KY,M,1943,James
KY,M,1944,James
KY,M,1945,James
KY,M,1946,James
KY,M,1947,James
KY,M,1948,James
KY,M,1949,James
KY,M,1950,James
KY,M,1951,James
KY,M,1952,James
KY,M,1953,James
KY,M,1954,James
KY,M,1955,James
KY,M,1956,James
KY,M,1957,James
KY,M,1958,James
KY,M,1959,James
KY,M,1960,James
KY,M,1961,James
KY,M,1962,James
KY,M,1963,James
KY,M,1964,James
KY,M,1965,James
KY,M,1966,James
KY,M,1967,James
KY,M,1968,James
KY,M,1969,James
KY,M,1970,James
KY,M,1971,James
KY,M,1972,James
KY,M,1973,Michael
KY,M,1974,Michael
KY,M,1975,Michael
KY,M,1976,Michael
KY,M,1977,Jason
KY,M,1978,Michael
KY,M,1979,Jason
KY,M,1980,Jason
KY,M,1981,Joshua
KY,M,1982,Christopher
KY,M,1983,Christopher
KY,M,1984,Christopher
KY,M,1985,Joshua
KY,M,1986,Christopher
KY,M,1987,Joshua
KY,M,1988,Joshua
KY,M,1989,Joshua
KY,M,1990,Joshua
KY,M,1991,Joshua
KY,M,1992,Joshua
KY,M,1993,James
KY,M,1994,Austin
KY,M,1995,Austin
KY,M,1996,Austin
KY,M,1997,Austin
KY,M,1998,Jacob
KY,M,1999,Jacob
KY,M,2000,Jacob
KY,M,2001,Jacob
KY,M,2002,Jacob
KY,M,2003,Jacob
KY,M,2004,Jacob
KY,M,2005,Jacob
KY,M,2006,Jacob
KY,M,2007,Jacob
KY,M,2008,William
KY,M,2009,Jacob
KY,M,2010,William
KY,M,2011,William
KY,M,2012,William
KY,M,2013,William
KY,M,2014,William
KY,M,2015,William
KY,M,2016,William
KY,M,2017,William
KY,M,2018,William
LA,M,1910,John
LA,M,1911,John
LA,M,1912,John
LA,M,1913,John
LA,M,1914,John
LA,M,1915,James
LA,M,1916,John
LA,M,1917,John
LA,M,1918,John
LA,M,1919,John
LA,M,1920,John
LA,M,1921,James
LA,M,1922,James
LA,M,1923,John
LA,M,1924,James
LA,M,1925,James
LA,M,1926,James
LA,M,1927,James
LA,M,1928,James
LA,M,1929,James
LA,M,1930,James
LA,M,1931,James
LA,M,1932,James
LA,M,1933,James
LA,M,1934,James
LA,M,1935,James
LA,M,1936,James
LA,M,1937,John
LA,M,1938,James
LA,M,1939,James
LA,M,1940,James
LA,M,1941,James
LA,M,1942,James
LA,M,1943,James
LA,M,1944,James
LA,M,1945,James
LA,M,1946,James
LA,M,1947,James
LA,M,1948,James
LA,M,1949,James
LA,M,1950,James
LA,M,1951,James
LA,M,1952,James
LA,M,1953,James
LA,M,1954,James
LA,M,1955,James
LA,M,1956,James
LA,M,1957,Michael
LA,M,1958,Michael
LA,M,1959,Michael
LA,M,1960,Michael
LA,M,1961,Michael
LA,M,1962,Michael
LA,M,1963,Michael
LA,M,1964,John
LA,M,1965,Michael
LA,M,1966,Michael
LA,M,1967,Michael
LA,M,1968,Michael
LA,M,1969,Michael
LA,M,1970,Michael
LA,M,1971,Michael
LA,M,1972,Michael
LA,M,1973,Michael
LA,M,1974,Michael
LA,M,1975,Michael
LA,M,1976,Michael
LA,M,1977,Michael
LA,M,1978,Michael
LA,M,1979,Michael
LA,M,1980,Michael
LA,M,1981,Michael
LA,M,1982,Christopher
LA,M,1983,Christopher
LA,M,1984,Christopher
LA,M,1985,Christopher
LA,M,1986,Christopher
LA,M,1987,Christopher
LA,M,1988,Christopher
LA,M,1989,Christopher
LA,M,1990,Joshua
LA,M,1991,Christopher
LA,M,1992,Christopher
LA,M,1993,Christopher
LA,M,1994,Christopher
LA,M,1995,Joshua
LA,M,1996,Christopher
LA,M,1997,Joshua
LA,M,1998,Jacob
LA,M,1999,Joshua
LA,M,2000,Joshua
LA,M,2001,Jacob
LA,M,2002,Joshua
LA,M,2003,Jacob
LA,M,2004,Ethan
LA,M,2005,Joshua
LA,M,2006,Ethan
LA,M,2007,Joshua
LA,M,2008,Ethan
LA,M,2009,Jayden
LA,M,2010,Jayden
LA,M,2011,Mason
LA,M,2012,Mason
LA,M,2013,Mason
LA,M,2014,Mason
LA,M,2015,Noah
LA,M,2016,Liam
LA,M,2017,Liam
LA,M,2018,Noah
MA,M,1910,John
MA,M,1911,John
MA,M,1912,John
MA,M,1913,John
MA,M,1914,John
MA,M,1915,John
MA,M,1916,John
MA,M,1917,John
MA,M,1918,John
MA,M,1919,John
MA,M,1920,John
MA,M,1921,John
MA,M,1922,John
MA,M,1923,John
MA,M,1924,John
MA,M,1925,John
MA,M,1926,John
MA,M,1927,John
MA,M,1928,Robert
MA,M,1929,John
MA,M,1930,Robert
MA,M,1931,Robert
MA,M,1932,Robert
MA,M,1933,Robert
MA,M,1934,Robert
MA,M,1935,Robert
MA,M,1936,Robert
MA,M,1937,Robert
MA,M,1938,Robert
MA,M,1939,Robert
MA,M,1940,Robert
MA,M,1941,Robert
MA,M,1942,Robert
MA,M,1943,Robert
MA,M,1944,Robert
MA,M,1945,Robert
MA,M,1946,Robert
MA,M,1947,Robert
MA,M,1948,Robert
MA,M,1949,Robert
MA,M,1950,Robert
MA,M,1951,Robert
MA,M,1952,Robert
MA,M,1953,Robert
MA,M,1954,Robert
MA,M,1955,John
MA,M,1956,John
MA,M,1957,John
MA,M,1958,John
MA,M,1959,John
MA,M,1960,John
MA,M,1961,John
MA,M,1962,John
MA,M,1963,John
MA,M,1964,John
MA,M,1965,Michael
MA,M,1966,Michael
MA,M,1967,Michael
MA,M,1968,Michael
MA,M,1969,Michael
MA,M,1970,Michael
MA,M,1971,Michael
MA,M,1972,Michael
MA,M,1973,Michael
MA,M,1974,Michael
MA,M,1975,Michael
MA,M,1976,Michael
MA,M,1977,Michael
MA,M,1978,Michael
MA,M,1979,Michael
MA,M,1980,Michael
MA,M,1981,Michael
MA,M,1982,Michael
MA,M,1983,Michael
MA,M,1984,Michael
MA,M,1985,Michael
MA,M,1986,Michael
MA,M,1987,Michael
MA,M,1988,Michael
MA,M,1989,Michael
MA,M,1990,Michael
MA,M,1991,Michael
MA,M,1992,Michael
MA,M,1993,Michael
MA,M,1994,Michael
MA,M,1995,Michael
MA,M,1996,Michael
MA,M,1997,Matthew
MA,M,1998,Michael
MA,M,1999,Matthew
MA,M,2000,Matthew
MA,M,2001,Matthew
MA,M,2002,Matthew
MA,M,2003,Matthew
MA,M,2004,Michael
MA,M,2005,Matthew
MA,M,2006,Matthew
MA,M,2007,Matthew
MA,M,2008,Ryan
MA,M,2009,Ryan
MA,M,2010,Ryan
MA,M,2011,William
MA,M,2012,Benjamin
MA,M,2013,Benjamin
MA,M,2014,Benjamin
MA,M,2015,Benjamin
MA,M,2016,Benjamin
MA,M,2017,Benjamin
MA,M,2018,Benjamin
MD,M,1910,John
MD,M,1911,William
MD,M,1912,William
MD,M,1913,William
MD,M,1914,William
MD,M,1915,William
MD,M,1916,William
MD,M,1917,William
MD,M,1918,William
MD,M,1919,William
MD,M,1920,William
MD,M,1921,William
MD,M,1922,William
MD,M,1923,William
MD,M,1924,William
MD,M,1925,William
MD,M,1926,William
MD,M,1927,William
MD,M,1928,John
MD,M,1929,William
MD,M,1930,William
MD,M,1931,William
MD,M,1932,William
MD,M,1933,William
MD,M,1934,William
MD,M,1935,Robert
MD,M,1936,Robert
MD,M,1937,Robert
MD,M,1938,Robert
MD,M,1939,Robert
MD,M,1940,William
MD,M,1941,John
MD,M,1942,Robert
MD,M,1943,James
MD,M,1944,James
MD,M,1945,John
MD,M,1946,John
MD,M,1947,John
MD,M,1948,John
MD,M,1949,John
MD,M,1950,John
MD,M,1951,Robert
MD,M,1952,Robert
MD,M,1953,John
MD,M,1954,Michael
MD,M,1955,Michael
MD,M,1956,Michael
MD,M,1957,Michael
MD,M,1958,Michael
MD,M,1959,Michael
MD,M,1960,Michael
MD,M,1961,Michael
MD,M,1962,John
MD,M,1963,Michael
MD,M,1964,John
MD,M,1965,Michael
MD,M,1966,Michael
MD,M,1967,Michael
MD,M,1968,Michael
MD,M,1969,Michael
MD,M,1970,Michael
MD,M,1971,Michael
MD,M,1972,Michael
MD,M,1973,Michael
MD,M,1974,Michael
MD,M,1975,Michael
MD,M,1976,Michael
MD,M,1977,Michael
MD,M,1978,Michael
MD,M,1979,Michael
MD,M,1980,Michael
MD,M,1981,Michael
MD,M,1982,Michael
MD,M,1983,Michael
MD,M,1984,Michael
MD,M,1985,Michael
MD,M,1986,Michael
MD,M,1987,Michael
MD,M,1988,Michael
MD,M,1989,Michael
MD,M,1990,Michael
MD,M,1991,Michael
MD,M,1992,Michael
MD,M,1993,Michael
MD,M,1994,Michael
MD,M,1995,Michael
MD,M,1996,Michael
MD,M,1997,Michael
MD,M,1998,Michael
MD,M,1999,Michael
MD,M,2000,Michael
MD,M,2001,Michael
MD,M,2002,Michael
MD,M,2003,Joshua
MD,M,2004,Michael
MD,M,2005,Michael
MD,M,2006,Joshua
MD,M,2007,Michael
MD,M,2008,Michael
MD,M,2009,Michael
MD,M,2010,Jacob
MD,M,2011,Mason
MD,M,2012,Mason
MD,M,2013,Liam
MD,M,2014,Noah
MD,M,2015,Noah
MD,M,2016,Noah
MD,M,2017,Liam
MD,M,2018,Liam
ME,M,1910,John
ME,M,1911,John
ME,M,1912,John
ME,M,1913,John
ME,M,1914,John
ME,M,1915,John
ME,M,1916,Robert
ME,M,1917,Robert
ME,M,1918,John
ME,M,1919,John
ME,M,1920,Robert
ME,M,1921,Robert
ME,M,1922,Robert
ME,M,1923,Robert
ME,M,1924,Robert
ME,M,1925,Robert
ME,M,1926,Robert
ME,M,1927,Robert
ME,M,1928,Robert
ME,M,1929,Robert
ME,M,1930,Robert
ME,M,1931,Robert
ME,M,1932,Robert
ME,M,1933,Robert
ME,M,1934,Robert
ME,M,1935,Robert
ME,M,1936,Robert
ME,M,1937,Robert
ME,M,1938,Robert
ME,M,1939,Richard
ME,M,1940,Robert
ME,M,1941,Robert
ME,M,1942,Robert
ME,M,1943,Robert
ME,M,1944,Robert
ME,M,1945,Robert
ME,M,1946,Robert
ME,M,1947,Robert
ME,M,1948,Robert
ME,M,1949,Robert
ME,M,1950,Robert
ME,M,1951,Michael
ME,M,1952,David
ME,M,1953,Michael
ME,M,1954,Michael
ME,M,1955,Michael
ME,M,1956,Michael
ME,M,1957,Michael
ME,M,1958,Michael
ME,M,1959,Michael
ME,M,1960,David
ME,M,1961,David
ME,M,1962,Michael
ME,M,1963,David
ME,M,1964,Michael
ME,M,1965,Michael
ME,M,1966,Michael
ME,M,1967,Michael
ME,M,1968,Michael
ME,M,1969,Michael
ME,M,1970,Michael
ME,M,1971,Michael
ME,M,1972,Christopher
ME,M,1973,Jason
ME,M,1974,Jason
ME,M,1975,Jason
ME,M,1976,Jason
ME,M,1977,Jason
ME,M,1978,Jason
ME,M,1979,Jason
ME,M,1980,Christopher
ME,M,1981,Matthew
ME,M,1982,Matthew
ME,M,1983,Matthew
ME,M,1984,Christopher
ME,M,1985,Christopher
ME,M,1986,Matthew
ME,M,1987,Joshua
ME,M,1988,Joshua
ME,M,1989,Joshua
ME,M,1990,Joshua
ME,M,1991,Joshua
ME,M,1992,Nicholas
ME,M,1993,Tyler
ME,M,1994,Tyler
ME,M,1995,Tyler
ME,M,1996,Tyler
ME,M,1997,Jacob
ME,M,1998,Jacob
ME,M,1999,Jacob
ME,M,2000,Jacob
ME,M,2001,Jacob
ME,M,2002,Jacob
ME,M,2003,Jacob
ME,M,2004,Jacob
ME,M,2005,Jacob
ME,M,2006,Jacob
ME,M,2007,Ethan
ME,M,2008,Jacob
ME,M,2009,Noah
ME,M,2010,Owen
ME,M,2011,Mason
ME,M,2012,Mason
ME,M,2013,Liam
ME,M,2014,Liam
ME,M,2015,Owen
ME,M,2016,Liam
ME,M,2017,Oliver
ME,M,2018,Oliver
MI,M,1910,John
MI,M,1911,John
MI,M,1912,John
MI,M,1913,John
MI,M,1914,John
MI,M,1915,John
MI,M,1916,John
MI,M,1917,John
MI,M,1918,John
MI,M,1919,Robert
MI,M,1920,Robert
MI,M,1921,Robert
MI,M,1922,Robert
MI,M,1923,Robert
MI,M,1924,Robert
MI,M,1925,Robert
MI,M,1926,Robert
MI,M,1927,Robert
MI,M,1928,Robert
MI,M,1929,Robert
MI,M,1930,Robert
MI,M,1931,Robert
MI,M,1932,Robert
MI,M,1933,Robert
MI,M,1934,Robert
MI,M,1935,Robert
MI,M,1936,Robert
MI,M,1937,Robert
MI,M,1938,Robert
MI,M,1939,Robert
MI,M,1940,Robert
MI,M,1941,Robert
MI,M,1942,Robert
MI,M,1943,Robert
MI,M,1944,Robert
MI,M,1945,Robert
MI,M,1946,Robert
MI,M,1947,Robert
MI,M,1948,Robert
MI,M,1949,Robert
MI,M,1950,Robert
MI,M,1951,Robert
MI,M,1952,Michael
MI,M,1953,Michael
MI,M,1954,Michael
MI,M,1955,Michael
MI,M,1956,Michael
MI,M,1957,Michael
MI,M,1958,Michael
MI,M,1959,David
MI,M,1960,David
MI,M,1961,David
MI,M,1962,David
MI,M,1963,Michael
MI,M,1964,Michael
MI,M,1965,Michael
MI,M,1966,Michael
MI,M,1967,Michael
MI,M,1968,Michael
MI,M,1969,Michael
MI,M,1970,Michael
MI,M,1971,Michael
MI,M,1972,Michael
MI,M,1973,Michael
MI,M,1974,Michael
MI,M,1975,Michael
MI,M,1976,Michael
MI,M,1977,Michael
MI,M,1978,Michael
MI,M,1979,Michael
MI,M,1980,Michael
MI,M,1981,Michael
MI,M,1982,Michael
MI,M,1983,Michael
MI,M,1984,Michael
MI,M,1985,Michael
MI,M,1986,Michael
MI,M,1987,Michael
MI,M,1988,Michael
MI,M,1989,Michael
MI,M,1990,Michael
MI,M,1991,Michael
MI,M,1992,Michael
MI,M,1993,Michael
MI,M,1994,Jacob
MI,M,1995,Jacob
MI,M,1996,Jacob
MI,M,1997,Jacob
MI,M,1998,Jacob
MI,M,1999,Jacob
MI,M,2000,Jacob
MI,M,2001,Jacob
MI,M,2002,Jacob
MI,M,2003,Jacob
MI,M,2004,Jacob
MI,M,2005,Jacob
MI,M,2006,Jacob
MI,M,2007,Jacob
MI,M,2008,Jacob
MI,M,2009,Jacob
MI,M,2010,Jacob
MI,M,2011,Mason
MI,M,2012,Mason
MI,M,2013,Liam
MI,M,2014,Liam
MI,M,2015,Noah
MI,M,2016,Noah
MI,M,2017,Liam
MI,M,2018,Noah
MN,M,1910,John
MN,M,1911,John
MN,M,1912,John
MN,M,1913,John
MN,M,1914,John
MN,M,1915,John
MN,M,1916,John
MN,M,1917,John
MN,M,1918,John
MN,M,1919,Robert
MN,M,1920,Robert
MN,M,1921,Robert
MN,M,1922,Robert
MN,M,1923,Robert
MN,M,1924,Robert
MN,M,1925,Robert
MN,M,1926,Robert
MN,M,1927,Robert
MN,M,1928,Robert
MN,M,1929,Robert
MN,M,1930,Robert
MN,M,1931,Robert
MN,M,1932,Robert
MN,M,1933,Robert
MN,M,1934,Robert
MN,M,1935,Robert
MN,M,1936,Robert
MN,M,1937,Robert
MN,M,1938,Robert
MN,M,1939,Robert
MN,M,1940,Robert
MN,M,1941,James
MN,M,1942,James
MN,M,1943,James
MN,M,1944,James
MN,M,1945,James
MN,M,1946,James
MN,M,1947,James
MN,M,1948,James
MN,M,1949,James
MN,M,1950,Michael
MN,M,1951,James
MN,M,1952,Michael
MN,M,1953,Michael
MN,M,1954,Michael
MN,M,1955,David
MN,M,1956,David
MN,M,1957,David
MN,M,1958,Michael
MN,M,1959,David
MN,M,1960,David
MN,M,1961,David
MN,M,1962,David
MN,M,1963,Michael
MN,M,1964,David
MN,M,1965,Michael
MN,M,1966,Michael
MN,M,1967,Michael
MN,M,1968,Michael
MN,M,1969,Michael
MN,M,1970,Michael
MN,M,1971,Michael
MN,M,1972,Jason
MN,M,1973,Jason
MN,M,1974,Jason
MN,M,1975,Jason
MN,M,1976,Michael
MN,M,1977,Michael
MN,M,1978,Michael
MN,M,1979,Michael
MN,M,1980,Michael
MN,M,1981,Michael
MN,M,1982,Matthew
MN,M,1983,Matthew
MN,M,1984,Matthew
MN,M,1985,Matthew
MN,M,1986,Matthew
MN,M,1987,Michael
MN,M,1988,Michael
MN,M,1989,Michael
MN,M,1990,Michael
MN,M,1991,Michael
MN,M,1992,Michael
MN,M,1993,Tyler
MN,M,1994,Jacob
MN,M,1995,Jacob
MN,M,1996,Jacob
MN,M,1997,Jacob
MN,M,1998,Jacob
MN,M,1999,Jacob
MN,M,2000,Jacob
MN,M,2001,Jacob
MN,M,2002,Jacob
MN,M,2003,Jacob
MN,M,2004,Jacob
MN,M,2005,Ethan
MN,M,2006,Ethan
MN,M,2007,Jacob
MN,M,2008,Ethan
MN,M,2009,Logan
MN,M,2010,Mason
MN,M,2011,Mason
MN,M,2012,Mason
MN,M,2013,William
MN,M,2014,Henry
MN,M,2015,Henry
MN,M,2016,Henry
MN,M,2017,Oliver
MN,M,2018,Henry
MO,M,1910,William
MO,M,1911,William
MO,M,1912,William
MO,M,1913,William
MO,M,1914,William
MO,M,1915,William
MO,M,1916,William
MO,M,1917,John
MO,M,1918,William
MO,M,1919,William
MO,M,1920,William
MO,M,1921,William
MO,M,1922,James
MO,M,1923,Robert
MO,M,1924,Robert
MO,M,1925,Robert
MO,M,1926,Robert
MO,M,1927,Robert
MO,M,1928,Robert
MO,M,1929,Robert
MO,M,1930,Robert
MO,M,1931,Robert
MO,M,1932,Robert
MO,M,1933,Robert
MO,M,1934,Robert
MO,M,1935,Robert
MO,M,1936,Robert
MO,M,1937,James
MO,M,1938,James
MO,M,1939,James
MO,M,1940,James
MO,M,1941,James
MO,M,1942,James
MO,M,1943,James
MO,M,1944,James
MO,M,1945,James
MO,M,1946,James
MO,M,1947,James
MO,M,1948,James
MO,M,1949,James
MO,M,1950,James
MO,M,1951,James
MO,M,1952,James
MO,M,1953,Michael
MO,M,1954,Michael
MO,M,1955,Michael
MO,M,1956,Michael
MO,M,1957,Michael
MO,M,1958,Michael
MO,M,1959,Michael
MO,M,1960,David
MO,M,1961,David
MO,M,1962,David
MO,M,1963,David
MO,M,1964,John
MO,M,1965,Michael
MO,M,1966,Michael
MO,M,1967,Michael
MO,M,1968,Michael
MO,M,1969,Michael
MO,M,1970,Michael
MO,M,1971,Michael
MO,M,1972,Michael
MO,M,1973,Michael
MO,M,1974,Michael
MO,M,1975,Michael
MO,M,1976,Michael
MO,M,1977,Michael
MO,M,1978,Michael
MO,M,1979,Michael
MO,M,1980,Michael
MO,M,1981,Michael
MO,M,1982,Michael
MO,M,1983,Michael
MO,M,1984,Michael
MO,M,1985,Michael
MO,M,1986,Christopher
MO,M,1987,Michael
MO,M,1988,Michael
MO,M,1989,Michael
MO,M,1990,Michael
MO,M,1991,Michael
MO,M,1992,Michael
MO,M,1993,Michael
MO,M,1994,Jacob
MO,M,1995,Jacob
MO,M,1996,Jacob
MO,M,1997,Jacob
MO,M,1998,Jacob
MO,M,1999,Jacob
MO,M,2000,Jacob
MO,M,2001,Jacob
MO,M,2002,Jacob
MO,M,2003,Jacob
MO,M,2004,Jacob
MO,M,2005,Jacob
MO,M,2006,Jacob
MO,M,2007,Jacob
MO,M,2008,Jacob
MO,M,2009,Jacob
MO,M,2010,Jacob
MO,M,2011,Mason
MO,M,2012,Mason
MO,M,2013,William
MO,M,2014,Liam
MO,M,2015,Liam
MO,M,2016,William
MO,M,2017,William
MO,M,2018,Liam
MS,M,1910,James
MS,M,1911,James
MS,M,1912,James
MS,M,1913,James
MS,M,1914,James
MS,M,1915,James
MS,M,1916,James
MS,M,1917,James
MS,M,1918,James
MS,M,1919,James
MS,M,1920,James
MS,M,1921,James
MS,M,1922,James
MS,M,1923,James
MS,M,1924,James
MS,M,1925,James
MS,M,1926,James
MS,M,1927,James
MS,M,1928,James
MS,M,1929,James
MS,M,1930,James
MS,M,1931,James
MS,M,1932,James
MS,M,1933,James
MS,M,1934,James
MS,M,1935,James
MS,M,1936,James
MS,M,1937,James
MS,M,1938,James
MS,M,1939,James
MS,M,1940,James
MS,M,1941,James
MS,M,1942,James
MS,M,1943,James
MS,M,1944,James
MS,M,1945,James
MS,M,1946,James
MS,M,1947,James
MS,M,1948,James
MS,M,1949,James
MS,M,1950,James
MS,M,1951,James
MS,M,1952,James
MS,M,1953,James
MS,M,1954,James
MS,M,1955,James
MS,M,1956,James
MS,M,1957,James
MS,M,1958,James
MS,M,1959,James
MS,M,1960,James
MS,M,1961,James
MS,M,1962,James
MS,M,1963,James
MS,M,1964,James
MS,M,1965,James
MS,M,1966,James
MS,M,1967,James
MS,M,1968,James
MS,M,1969,James
MS,M,1970,James
MS,M,1971,James
MS,M,1972,James
MS,M,1973,James
MS,M,1974,Michael
MS,M,1975,Michael
MS,M,1976,James
MS,M,1977,James
MS,M,1978,James
MS,M,1979,James
MS,M,1980,James
MS,M,1981,James
MS,M,1982,Christopher
MS,M,1983,Christopher
MS,M,1984,Christopher
MS,M,1985,Christopher
MS,M,1986,Christopher
MS,M,1987,Christopher
MS,M,1988,Christopher
MS,M,1989,Christopher
MS,M,1990,Christopher
MS,M,1991,Christopher
MS,M,1992,Christopher
MS,M,1993,James
MS,M,1994,James
MS,M,1995,James
MS,M,1996,William
MS,M,1997,William
MS,M,1998,James
MS,M,1999,William
MS,M,2000,William
MS,M,2001,William
MS,M,2002,William
MS,M,2003,William
MS,M,2004,William
MS,M,2005,William
MS,M,2006,William
MS,M,2007,William
MS,M,2008,William
MS,M,2009,William
MS,M,2010,William
MS,M,2011,William
MS,M,2012,William
MS,M,2013,William
MS,M,2014,William
MS,M,2015,William
MS,M,2016,William
MS,M,2017,John
MS,M,2018,John
MT,M,1910,John
MT,M,1911,John
MT,M,1912,John
MT,M,1913,John
MT,M,1914,John
MT,M,1915,John
MT,M,1916,John
MT,M,1917,John
MT,M,1918,John
MT,M,1919,John
MT,M,1920,Robert
MT,M,1921,Robert
MT,M,1922,Robert
MT,M,1923,Robert
MT,M,1924,Robert
MT,M,1925,Robert
MT,M,1926,Robert
MT,M,1927,Robert
MT,M,1928,Robert
MT,M,1929,Robert
MT,M,1930,Robert
MT,M,1931,Robert
MT,M,1932,Robert
MT,M,1933,Robert
MT,M,1934,Robert
MT,M,1935,Robert
MT,M,1936,Robert
MT,M,1937,Robert
MT,M,1938,Robert
MT,M,1939,Robert
MT,M,1940,Robert
MT,M,1941,Robert
MT,M,1942,Robert
MT,M,1943,Robert
MT,M,1944,Robert
MT,M,1945,James
MT,M,1946,Robert
MT,M,1947,John
MT,M,1948,Robert
MT,M,1949,Robert
MT,M,1950,Robert
MT,M,1951,James
MT,M,1952,Robert
MT,M,1953,James
MT,M,1954,John
MT,M,1955,Robert
MT,M,1956,Robert
MT,M,1957,David
MT,M,1958,David
MT,M,1959,David
MT,M,1960,David
MT,M,1961,David
MT,M,1962,David
MT,M,1963,John
MT,M,1964,Michael
MT,M,1965,Michael
MT,M,1966,Michael
MT,M,1967,Michael
MT,M,1968,Michael
MT,M,1969,Michael
MT,M,1970,Michael
MT,M,1971,Michael
MT,M,1972,Michael
MT,M,1973,Jason
MT,M,1974,Jason
MT,M,1975,Michael
MT,M,1976,Michael
MT,M,1977,Michael
MT,M,1978,Michael
MT,M,1979,Michael
MT,M,1980,Joshua
MT,M,1981,Michael
MT,M,1982,Christopher
MT,M,1983,Michael
MT,M,1984,Michael
MT,M,1985,Michael
MT,M,1986,Michael
MT,M,1987,Michael
MT,M,1988,Michael
MT,M,1989,Michael
MT,M,1990,Michael
MT,M,1991,Michael
MT,M,1992,Michael
MT,M,1993,Tyler
MT,M,1994,Tyler
MT,M,1995,Austin
MT,M,1996,Jacob
MT,M,1997,Jacob
MT,M,1998,Jacob
MT,M,1999,Tyler
MT,M,2000,Jacob
MT,M,2001,Jacob
MT,M,2002,Ethan
MT,M,2003,Jacob
MT,M,2004,Jacob
MT,M,2005,Jacob
MT,M,2006,Jacob
MT,M,2007,Ethan
MT,M,2008,Ethan
MT,M,2009,Ethan
MT,M,2010,Wyatt
MT,M,2011,Mason
MT,M,2012,Liam
MT,M,2013,Liam
MT,M,2014,William
MT,M,2015,William
MT,M,2016,James
MT,M,2017,James
MT,M,2018,Liam
NC,M,1910,James
NC,M,1911,James
NC,M,1912,James
NC,M,1913,James
NC,M,1914,James
NC,M,1915,James
NC,M,1916,James
NC,M,1917,James
NC,M,1918,James
NC,M,1919,James
NC,M,1920,James
NC,M,1921,James
NC,M,1922,James
NC,M,1923,James
NC,M,1924,James
NC,M,1925,James
NC,M,1926,James
NC,M,1927,James
NC,M,1928,James
NC,M,1929,James
NC,M,1930,James
NC,M,1931,James
NC,M,1932,James
NC,M,1933,James
NC,M,1934,James
NC,M,1935,James
NC,M,1936,James
NC,M,1937,James
NC,M,1938,James
NC,M,1939,James
NC,M,1940,James
NC,M,1941,James
NC,M,1942,James
NC,M,1943,James
NC,M,1944,James
NC,M,1945,James
NC,M,1946,James
NC,M,1947,James
NC,M,1948,James
NC,M,1949,James
NC,M,1950,James
NC,M,1951,James
NC,M,1952,James
NC,M,1953,James
NC,M,1954,James
NC,M,1955,James
NC,M,1956,James
NC,M,1957,James
NC,M,1958,James
NC,M,1959,James
NC,M,1960,James
NC,M,1961,James
NC,M,1962,James
NC,M,1963,James
NC,M,1964,James
NC,M,1965,James
NC,M,1966,James
NC,M,1967,James
NC,M,1968,James
NC,M,1969,James
NC,M,1970,Michael
NC,M,1971,Michael
NC,M,1972,Michael
NC,M,1973,Michael
NC,M,1974,Michael
NC,M,1975,Michael
NC,M,1976,Michael
NC,M,1977,Michael
NC,M,1978,Michael
NC,M,1979,Christopher
NC,M,1980,Christopher
NC,M,1981,Michael
NC,M,1982,Christopher
NC,M,1983,Christopher
NC,M,1984,Christopher
NC,M,1985,Christopher
NC,M,1986,Christopher
NC,M,1987,Christopher
NC,M,1988,Christopher
NC,M,1989,Christopher
NC,M,1990,Christopher
NC,M,1991,Christopher
NC,M,1992,Christopher
NC,M,1993,Christopher
NC,M,1994,Christopher
NC,M,1995,Christopher
NC,M,1996,Joshua
NC,M,1997,Christopher
NC,M,1998,William
NC,M,1999,Jacob
NC,M,2000,William
NC,M,2001,Jacob
NC,M,2002,William
NC,M,2003,Jacob
NC,M,2004,William
NC,M,2005,William
NC,M,2006,William
NC,M,2007,William
NC,M,2008,William
NC,M,2009,William
NC,M,2010,William
NC,M,2011,William
NC,M,2012,William
NC,M,2013,William
NC,M,2014,William
NC,M,2015,William
NC,M,2016,William
NC,M,2017,William
NC,M,2018,Noah
ND,M,1910,John
ND,M,1911,John
ND,M,1912,John
ND,M,1913,John
ND,M,1914,John
ND,M,1915,John
ND,M,1916,John
ND,M,1917,John
ND,M,1918,John
ND,M,1919,John
ND,M,1920,John
ND,M,1921,John
ND,M,1922,Robert
ND,M,1923,Robert
ND,M,1924,Robert
ND,M,1925,Robert
ND,M,1926,Robert
ND,M,1927,Robert
ND,M,1928,Robert
ND,M,1929,Robert
ND,M,1930,Robert
ND,M,1931,Robert
ND,M,1932,Robert
ND,M,1933,Robert
ND,M,1934,Robert
ND,M,1935,Robert
ND,M,1936,Robert
ND,M,1937,Robert
ND,M,1938,Robert
ND,M,1939,James
ND,M,1940,Robert
ND,M,1941,Robert
ND,M,1942,James
ND,M,1943,James
ND,M,1944,James
ND,M,1945,James
ND,M,1946,James
ND,M,1947,James
ND,M,1948,James
ND,M,1949,David
ND,M,1950,David
ND,M,1951,David
ND,M,1952,David
ND,M,1953,David
ND,M,1954,David
ND,M,1955,David
ND,M,1956,David
ND,M,1957,David
ND,M,1958,David
ND,M,1959,David
ND,M,1960,David
ND,M,1961,David
ND,M,1962,David
ND,M,1963,Michael
ND,M,1964,David
ND,M,1965,Michael
ND,M,1966,Michael
ND,M,1967,Michael
ND,M,1968,Michael
ND,M,1969,Michael
ND,M,1970,Michael
ND,M,1971,Jason
ND,M,1972,Jason
ND,M,1973,Michael
ND,M,1974,Jason
ND,M,1975,Jason
ND,M,1976,Jason
ND,M,1977,Jason
ND,M,1978,Michael
ND,M,1979,Jason
ND,M,1980,Joshua
ND,M,1981,Michael
ND,M,1982,Joshua
ND,M,1983,Michael
ND,M,1984,Michael
ND,M,1985,Joshua
ND,M,1986,Michael
ND,M,1987,Matthew
ND,M,1988,Michael
ND,M,1989,Matthew
ND,M,1990,Matthew
ND,M,1991,Tyler
ND,M,1992,Michael
ND,M,1993,Tyler
ND,M,1994,Austin
ND,M,1995,Tyler
ND,M,1996,Jacob
ND,M,1997,Austin
ND,M,1998,Jacob
ND,M,1999,Jacob
ND,M,2000,Jacob
ND,M,2001,Jacob
ND,M,2002,Jacob
ND,M,2003,Ethan
ND,M,2004,Ethan
ND,M,2005,Ethan
ND,M,2006,Logan
ND,M,2007,Logan
ND,M,2008,Carter
ND,M,2009,Logan
ND,M,2010,Mason
ND,M,2011,Mason
ND,M,2012,Mason
ND,M,2013,Mason
ND,M,2014,Liam
ND,M,2015,Liam
ND,M,2016,Oliver
ND,M,2017,Oliver
ND,M,2018,Oliver
NE,M,1910,John
NE,M,1911,John
NE,M,1912,John
NE,M,1913,John
NE,M,1914,John
NE,M,1915,John
NE,M,1916,John
NE,M,1917,John
NE,M,1918,Robert
NE,M,1919,Robert
NE,M,1920,Robert
NE,M,1921,Robert
NE,M,1922,Robert
NE,M,1923,Robert
NE,M,1924,Robert
NE,M,1925,Robert
NE,M,1926,Robert
NE,M,1927,Robert
NE,M,1928,Robert
NE,M,1929,Robert
NE,M,1930,Robert
NE,M,1931,Robert
NE,M,1932,Robert
NE,M,1933,Robert
NE,M,1934,Robert
NE,M,1935,Robert
NE,M,1936,Robert
NE,M,1937,Robert
NE,M,1938,Robert
NE,M,1939,Robert
NE,M,1940,Robert
NE,M,1941,Robert
NE,M,1942,Robert
NE,M,1943,Robert
NE,M,1944,Robert
NE,M,1945,Robert
NE,M,1946,Robert
NE,M,1947,Robert
NE,M,1948,James
NE,M,1949,James
NE,M,1950,Robert
NE,M,1951,Robert
NE,M,1952,Michael
NE,M,1953,Michael
NE,M,1954,Michael
NE,M,1955,Michael
NE,M,1956,Michael
NE,M,1957,Michael
NE,M,1958,Michael
NE,M,1959,Michael
NE,M,1960,Michael
NE,M,1961,Michael
NE,M,1962,Michael
NE,M,1963,Michael
NE,M,1964,Michael
NE,M,1965,Michael
NE,M,1966,Michael
NE,M,1967,Michael
NE,M,1968,Michael
NE,M,1969,Michael
NE,M,1970,Michael
NE,M,1971,Michael
NE,M,1972,Michael
NE,M,1973,Michael
NE,M,1974,Jason
NE,M,1975,Jason
NE,M,1976,Jason
NE,M,1977,Jason
NE,M,1978,Michael
NE,M,1979,Michael
NE,M,1980,Matthew
NE,M,1981,Matthew
NE,M,1982,Michael
NE,M,1983,Matthew
NE,M,1984,Matthew
NE,M,1985,Matthew
NE,M,1986,Matthew
NE,M,1987,Andrew
NE,M,1988,Matthew
NE,M,1989,Michael
NE,M,1990,Michael
NE,M,1991,Jacob
NE,M,1992,Tyler
NE,M,1993,Tyler
NE,M,1994,Jacob
NE,M,1995,Jacob
NE,M,1996,Jacob
NE,M,1997,Jacob
NE,M,1998,Jacob
NE,M,1999,Jacob
NE,M,2000,Jacob
NE,M,2001,Jacob
NE,M,2002,Jacob
NE,M,2003,Jacob
NE,M,2004,Jacob
NE,M,2005,Jacob
NE,M,2006,Jacob
NE,M,2007,Jacob
NE,M,2008,Jacob
NE,M,2009,Alexander
NE,M,2010,Jacob
NE,M,2011,Mason
NE,M,2012,Liam
NE,M,2013,Mason
NE,M,2014,Liam
NE,M,2015,Henry
NE,M,2016,Liam
NE,M,2017,Oliver
NE,M,2018,Liam
NH,M,1910,John
NH,M,1911,John
NH,M,1912,John
NH,M,1913,John
NH,M,1914,John
NH,M,1915,John
NH,M,1916,John
NH,M,1917,John
NH,M,1918,John
NH,M,1919,Robert
NH,M,1920,Robert
NH,M,1921,Robert
NH,M,1922,Robert
NH,M,1923,Robert
NH,M,1924,Robert
NH,M,1925,Robert
NH,M,1926,Robert
NH,M,1927,Robert
NH,M,1928,Robert
NH,M,1929,Robert
NH,M,1930,Robert
NH,M,1931,Robert
NH,M,1932,Robert
NH,M,1933,Robert
NH,M,1934,Robert
NH,M,1935,Robert
NH,M,1936,Robert
NH,M,1937,Robert
NH,M,1938,Robert
NH,M,1939,Robert
NH,M,1940,Robert
NH,M,1941,Robert
NH,M,1942,Robert
NH,M,1943,Robert
NH,M,1944,Richard
NH,M,1945,Robert
NH,M,1946,Robert
NH,M,1947,Robert
NH,M,1948,Robert
NH,M,1949,Robert
NH,M,1950,Robert
NH,M,1951,Robert
NH,M,1952,David
NH,M,1953,Michael
NH,M,1954,David
NH,M,1955,David
NH,M,1956,Michael
NH,M,1957,Michael
NH,M,1958,Michael
NH,M,1959,David
NH,M,1960,David
NH,M,1961,Michael
NH,M,1962,David
NH,M,1963,David
NH,M,1964,David
NH,M,1965,Michael
NH,M,1966,Michael
NH,M,1967,Michael
NH,M,1968,Michael
NH,M,1969,Michael
NH,M,1970,Michael
NH,M,1971,Michael
NH,M,1972,Christopher
NH,M,1973,Jason
NH,M,1974,Michael
NH,M,1975,Jason
NH,M,1976,Jason
NH,M,1977,Jason
NH,M,1978,Michael
NH,M,1979,Michael
NH,M,1980,Michael
NH,M,1981,Michael
NH,M,1982,Michael
NH,M,1983,Christopher
NH,M,1984,Michael
NH,M,1985,Michael
NH,M,1986,Michael
NH,M,1987,Christopher
NH,M,1988,Michael
NH,M,1989,Michael
NH,M,1990,Michael
NH,M,1991,Michael
NH,M,1992,Michael
NH,M,1993,Matthew
NH,M,1994,Michael
NH,M,1995,Michael
NH,M,1996,Matthew
NH,M,1997,Nicholas
NH,M,1998,Jacob
NH,M,1999,Jacob
NH,M,2000,Jacob
NH,M,2001,Jacob
NH,M,2002,Jacob
NH,M,2003,Jacob
NH,M,2004,Jacob
NH,M,2005,Jacob
NH,M,2006,Jacob
NH,M,2007,Jacob
NH,M,2008,Jacob
NH,M,2009,Logan
NH,M,2010,Logan
NH,M,2011,Mason
NH,M,2012,Mason
NH,M,2013,Liam
NH,M,2014,Jacob
NH,M,2015,Jackson
NH,M,2016,Noah
NH,M,2017,Logan
NH,M,2018,Oliver
NJ,M,1910,John
NJ,M,1911,John
NJ,M,1912,John
NJ,M,1913,John
NJ,M,1914,John
NJ,M,1915,John
NJ,M,1916,John
NJ,M,1917,John
NJ,M,1918,John
NJ,M,1919,John
NJ,M,1920,John
NJ,M,1921,John
NJ,M,1922,John
NJ,M,1923,John
NJ,M,1924,John
NJ,M,1925,John
NJ,M,1926,John
NJ,M,1927,John
NJ,M,1928,John
NJ,M,1929,John
NJ,M,1930,John
NJ,M,1931,John
NJ,M,1932,Robert
NJ,M,1933,John
NJ,M,1934,Robert
NJ,M,1935,Robert
NJ,M,1936,Robert
NJ,M,1937,Robert
NJ,M,1938,Robert
NJ,M,1939,Robert
NJ,M,1940,Robert
NJ,M,1941,Robert
NJ,M,1942,Robert
NJ,M,1943,Robert
NJ,M,1944,Robert
NJ,M,1945,Robert
NJ,M,1946,Robert
NJ,M,1947,Robert
NJ,M,1948,Robert
NJ,M,1949,Robert
NJ,M,1950,Robert
NJ,M,1951,Robert
NJ,M,1952,Robert
NJ,M,1953,Robert
NJ,M,1954,Robert
NJ,M,1955,Robert
NJ,M,1956,Robert
NJ,M,1957,Robert
NJ,M,1958,John
NJ,M,1959,John
NJ,M,1960,John
NJ,M,1961,John
NJ,M,1962,John
NJ,M,1963,John
NJ,M,1964,John
NJ,M,1965,Michael
NJ,M,1966,Michael
NJ,M,1967,Michael
NJ,M,1968,Michael
NJ,M,1969,Michael
NJ,M,1970,Michael
NJ,M,1971,Michael
NJ,M,1972,Michael
NJ,M,1973,Michael
NJ,M,1974,Michael
NJ,M,1975,Michael
NJ,M,1976,Michael
NJ,M,1977,Michael
NJ,M,1978,Michael
NJ,M,1979,Michael
NJ,M,1980,Michael
NJ,M,1981,Michael
NJ,M,1982,Michael
NJ,M,1983,Michael
NJ,M,1984,Michael
NJ,M,1985,Michael
NJ,M,1986,Michael
NJ,M,1987,Michael
NJ,M,1988,Michael
NJ,M,1989,Michael
NJ,M,1990,Michael
NJ,M,1991,Michael
NJ,M,1992,Michael
NJ,M,1993,Michael
NJ,M,1994,Michael
NJ,M,1995,Michael
NJ,M,1996,Michael
NJ,M,1997,Michael
NJ,M,1998,Michael
NJ,M,1999,Michael
NJ,M,2000,Michael
NJ,M,2001,Michael
NJ,M,2002,Michael
NJ,M,2003,Michael
NJ,M,2004,Michael
NJ,M,2005,Michael
NJ,M,2006,Michael
NJ,M,2007,Michael
NJ,M,2008,Michael
NJ,M,2009,Michael
NJ,M,2010,Michael
NJ,M,2011,Michael
NJ,M,2012,Michael
NJ,M,2013,Michael
NJ,M,2014,Michael
NJ,M,2015,Liam
NJ,M,2016,Liam
NJ,M,2017,Liam
NJ,M,2018,Liam
NM,M,1910,Jose
NM,M,1911,Jose
NM,M,1912,Jose
NM,M,1913,John
NM,M,1914,John
NM,M,1915,John
NM,M,1916,John
NM,M,1917,John
NM,M,1918,Jose
NM,M,1919,Jose
NM,M,1920,Jose
NM,M,1921,Jose
NM,M,1922,Jose
NM,M,1923,Jose
NM,M,1924,Jose
NM,M,1925,Jose
NM,M,1926,Joe
NM,M,1927,Jose
NM,M,1928,Jose
NM,M,1929,Joe
NM,M,1930,Joe
NM,M,1931,Joe
NM,M,1932,Joe
NM,M,1933,Joe
NM,M,1934,Joe
NM,M,1935,Joe
NM,M,1936,Joe
NM,M,1937,Joe
NM,M,1938,Joe
NM,M,1939,Joe
NM,M,1940,Joe
NM,M,1941,Robert
NM,M,1942,Robert
NM,M,1943,Robert
NM,M,1944,Robert
NM,M,1945,Robert
NM,M,1946,Robert
NM,M,1947,Robert
NM,M,1948,Robert
NM,M,1949,Robert
NM,M,1950,Robert
NM,M,1951,Robert
NM,M,1952,Robert
NM,M,1953,Robert
NM,M,1954,Michael
NM,M,1955,Robert
NM,M,1956,Michael
NM,M,1957,Michael
NM,M,1958,David
NM,M,1959,David
NM,M,1960,David
NM,M,1961,David
NM,M,1962,David
NM,M,1963,Michael
NM,M,1964,Michael
NM,M,1965,Michael
NM,M,1966,David
NM,M,1967,Michael
NM,M,1968,Michael
NM,M,1969,Michael
NM,M,1970,Michael
NM,M,1971,Michael
NM,M,1972,Michael
NM,M,1973,Michael
NM,M,1974,Michael
NM,M,1975,Michael
NM,M,1976,Michael
NM,M,1977,Michael
NM,M,1978,Michael
NM,M,1979,Michael
NM,M,1980,Michael
NM,M,1981,Michael
NM,M,1982,Michael
NM,M,1983,Christopher
NM,M,1984,Christopher
NM,M,1985,Christopher
NM,M,1986,Christopher
NM,M,1987,Michael
NM,M,1988,Michael
NM,M,1989,Michael
NM,M,1990,Michael
NM,M,1991,Michael
NM,M,1992,Michael
NM,M,1993,Michael
NM,M,1994,Michael
NM,M,1995,Joshua
NM,M,1996,Michael
NM,M,1997,Joshua
NM,M,1998,Michael
NM,M,1999,Jacob
NM,M,2000,Jacob
NM,M,2001,Joshua
NM,M,2002,Joshua
NM,M,2003,Joshua
NM,M,2004,Jacob
NM,M,2005,Joshua
NM,M,2006,Joshua
NM,M,2007,Jacob
NM,M,2008,Isaiah
NM,M,2009,Aiden
NM,M,2010,Elijah
NM,M,2011,Jacob
NM,M,2012,Noah
NM,M,2013,Noah
NM,M,2014,Noah
NM,M,2015,Noah
NM,M,2016,Elijah
NM,M,2017,Noah
NM,M,2018,Noah
NV,M,1910,William
NV,M,1911,John
NV,M,1912,John
NV,M,1913,John
NV,M,1914,John
NV,M,1915,John
NV,M,1916,John
NV,M,1917,John
NV,M,1918,John
NV,M,1919,Robert
NV,M,1920,Robert
NV,M,1921,John
NV,M,1922,John
NV,M,1923,Robert
NV,M,1924,Robert
NV,M,1925,Robert
NV,M,1926,Robert
NV,M,1927,Robert
NV,M,1928,Robert
NV,M,1929,Robert
NV,M,1930,Robert
NV,M,1931,John
NV,M,1932,Robert
NV,M,1933,John
NV,M,1934,Robert
NV,M,1935,Robert
NV,M,1936,Robert
NV,M,1937,Robert
NV,M,1938,John
NV,M,1939,John
NV,M,1940,Robert
NV,M,1941,Robert
NV,M,1942,Robert
NV,M,1943,Robert
NV,M,1944,Robert
NV,M,1945,Robert
NV,M,1946,Robert
NV,M,1947,Robert
NV,M,1948,Robert
NV,M,1949,Robert
NV,M,1950,John
NV,M,1951,John
NV,M,1952,John
NV,M,1953,Michael
NV,M,1954,Michael
NV,M,1955,Michael
NV,M,1956,Michael
NV,M,1957,Michael
NV,M,1958,Michael
NV,M,1959,Michael
NV,M,1960,Robert
NV,M,1961,Michael
NV,M,1962,Michael
NV,M,1963,Michael
NV,M,1964,Michael
NV,M,1965,Michael
NV,M,1966,Michael
NV,M,1967,Michael
NV,M,1968,Michael
NV,M,1969,Michael
NV,M,1970,Michael
NV,M,1971,Michael
NV,M,1972,Michael
NV,M,1973,Michael
NV,M,1974,Michael
NV,M,1975,Michael
NV,M,1976,Michael
NV,M,1977,Michael
NV,M,1978,Michael
NV,M,1979,Michael
NV,M,1980,Michael
NV,M,1981,Michael
NV,M,1982,Michael
NV,M,1983,Michael
NV,M,1984,Christopher
NV,M,1985,Michael
NV,M,1986,Michael
NV,M,1987,Michael
NV,M,1988,Michael
NV,M,1989,Michael
NV,M,1990,Michael
NV,M,1991,Michael
NV,M,1992,Michael
NV,M,1993,Michael
NV,M,1994,Michael
NV,M,1995,Michael
NV,M,1996,Michael
NV,M,1997,Michael
NV,M,1998,Michael
NV,M,1999,Jacob
NV,M,2000,Jacob
NV,M,2001,Anthony
NV,M,2002,Anthony
NV,M,2003,Anthony
NV,M,2004,Anthony
NV,M,2005,Jacob
NV,M,2006,Anthony
NV,M,2007,Anthony
NV,M,2008,Anthony
NV,M,2009,Anthony
NV,M,2010,Jacob
NV,M,2011,Anthony
NV,M,2012,Alexander
NV,M,2013,Ethan
NV,M,2014,Noah
NV,M,2015,Noah
NV,M,2016,Liam
NV,M,2017,Liam
NV,M,2018,Liam
NY,M,1910,John
NY,M,1911,John
NY,M,1912,John
NY,M,1913,John
NY,M,1914,John
NY,M,1915,John
NY,M,1916,John
NY,M,1917,John
NY,M,1918,John
NY,M,1919,John
NY,M,1920,John
NY,M,1921,John
NY,M,1922,John
NY,M,1923,John
NY,M,1924,John
NY,M,1925,John
NY,M,1926,John
NY,M,1927,John
NY,M,1928,John
NY,M,1929,John
NY,M,1930,John
NY,M,1931,Robert
NY,M,1932,John
NY,M,1933,John
NY,M,1934,Robert
NY,M,1935,Robert
NY,M,1936,Robert
NY,M,1937,Robert
NY,M,1938,Robert
NY,M,1939,Robert
NY,M,1940,Robert
NY,M,1941,Robert
NY,M,1942,Robert
NY,M,1943,Robert
NY,M,1944,Robert
NY,M,1945,Robert
NY,M,1946,Robert
NY,M,1947,Robert
NY,M,1948,Robert
NY,M,1949,Robert
NY,M,1950,Robert
NY,M,1951,Robert
NY,M,1952,Robert
NY,M,1953,Robert
NY,M,1954,Robert
NY,M,1955,Robert
NY,M,1956,Michael
NY,M,1957,Michael
NY,M,1958,Michael
NY,M,1959,John
NY,M,1960,Michael
NY,M,1961,Michael
NY,M,1962,Michael
NY,M,1963,Michael
NY,M,1964,John
NY,M,1965,Michael
NY,M,1966,Michael
NY,M,1967,Michael
NY,M,1968,Michael
NY,M,1969,Michael
NY,M,1970,Michael
NY,M,1971,Michael
NY,M,1972,Michael
NY,M,1973,Michael
NY,M,1974,Michael
NY,M,1975,Michael
NY,M,1976,Michael
NY,M,1977,Michael
NY,M,1978,Michael
NY,M,1979,Michael
NY,M,1980,Michael
NY,M,1981,Michael
NY,M,1982,Michael
NY,M,1983,Michael
NY,M,1984,Michael
NY,M,1985,Michael
NY,M,1986,Michael
NY,M,1987,Michael
NY,M,1988,Michael
NY,M,1989,Michael
NY,M,1990,Michael
NY,M,1991,Michael
NY,M,1992,Michael
NY,M,1993,Michael
NY,M,1994,Michael
NY,M,1995,Michael
NY,M,1996,Michael
NY,M,1997,Michael
NY,M,1998,Michael
NY,M,1999,Michael
NY,M,2000,Michael
NY,M,2001,Michael
NY,M,2002,Michael
NY,M,2003,Michael
NY,M,2004,Michael
NY,M,2005,Michael
NY,M,2006,Michael
NY,M,2007,Michael
NY,M,2008,Michael
NY,M,2009,Michael
NY,M,2010,Michael
NY,M,2011,Michael
NY,M,2012,Michael
NY,M,2013,Jacob
NY,M,2014,Jacob
NY,M,2015,Liam
NY,M,2016,Liam
NY,M,2017,Liam
NY,M,2018,Liam
OH,M,1910,John
OH,M,1911,John
OH,M,1912,John
OH,M,1913,John
OH,M,1914,John
OH,M,1915,John
OH,M,1916,John
OH,M,1917,Robert
OH,M,1918,Robert
OH,M,1919,Robert
OH,M,1920,Robert
OH,M,1921,Robert
OH,M,1922,Robert
OH,M,1923,Robert
OH,M,1924,Robert
OH,M,1925,Robert
OH,M,1926,Robert
OH,M,1927,Robert
OH,M,1928,Robert
OH,M,1929,Robert
OH,M,1930,Robert
OH,M,1931,Robert
OH,M,1932,Robert
OH,M,1933,Robert
OH,M,1934,Robert
OH,M,1935,Robert
OH,M,1936,Robert
OH,M,1937,Robert
OH,M,1938,Robert
OH,M,1939,Robert
OH,M,1940,Robert
OH,M,1941,James
OH,M,1942,James
OH,M,1943,James
OH,M,1944,James
OH,M,1945,James
OH,M,1946,James
OH,M,1947,Robert
OH,M,1948,James
OH,M,1949,James
OH,M,1950,James
OH,M,1951,Robert
OH,M,1952,James
OH,M,1953,Michael
OH,M,1954,Michael
OH,M,1955,David
OH,M,1956,Michael
OH,M,1957,Michael
OH,M,1958,David
OH,M,1959,David
OH,M,1960,David
OH,M,1961,David
OH,M,1962,David
OH,M,1963,David
OH,M,1964,Michael
OH,M,1965,Michael
OH,M,1966,Michael
OH,M,1967,Michael
OH,M,1968,Michael
OH,M,1969,Michael
OH,M,1970,Michael
OH,M,1971,Michael
OH,M,1972,Michael
OH,M,1973,Michael
OH,M,1974,Michael
OH,M,1975,Michael
OH,M,1976,Michael
OH,M,1977,Michael
OH,M,1978,Michael
OH,M,1979,Michael
OH,M,1980,Michael
OH,M,1981,Michael
OH,M,1982,Michael
OH,M,1983,Michael
OH,M,1984,Michael
OH,M,1985,Michael
OH,M,1986,Michael
OH,M,1987,Michael
OH,M,1988,Michael
OH,M,1989,Michael
OH,M,1990,Michael
OH,M,1991,Michael
OH,M,1992,Michael
OH,M,1993,Michael
OH,M,1994,Michael
OH,M,1995,Jacob
OH,M,1996,Jacob
OH,M,1997,Jacob
OH,M,1998,Jacob
OH,M,1999,Jacob
OH,M,2000,Jacob
OH,M,2001,Jacob
OH,M,2002,Jacob
OH,M,2003,Jacob
OH,M,2004,Jacob
OH,M,2005,Jacob
OH,M,2006,Jacob
OH,M,2007,Jacob
OH,M,2008,Jacob
OH,M,2009,Jacob
OH,M,2010,Jacob
OH,M,2011,Mason
OH,M,2012,Mason
OH,M,2013,Liam
OH,M,2014,Liam
OH,M,2015,Liam
OH,M,2016,Liam
OH,M,2017,Liam
OH,M,2018,Liam
OK,M,1910,John
OK,M,1911,James
OK,M,1912,William
OK,M,1913,William
OK,M,1914,James
OK,M,1915,William
OK,M,1916,James
OK,M,1917,James
OK,M,1918,James
OK,M,1919,James
OK,M,1920,James
OK,M,1921,James
OK,M,1922,James
OK,M,1923,James
OK,M,1924,James
OK,M,1925,James
OK,M,1926,James
OK,M,1927,James
OK,M,1928,James
OK,M,1929,James
OK,M,1930,James
OK,M,1931,James
OK,M,1932,James
OK,M,1933,James
OK,M,1934,James
OK,M,1935,James
OK,M,1936,James
OK,M,1937,James
OK,M,1938,James
OK,M,1939,James
OK,M,1940,James
OK,M,1941,James
OK,M,1942,James
OK,M,1943,James
OK,M,1944,James
OK,M,1945,James
OK,M,1946,James
OK,M,1947,James
OK,M,1948,James
OK,M,1949,James
OK,M,1950,James
OK,M,1951,James
OK,M,1952,James
OK,M,1953,Michael
OK,M,1954,David
OK,M,1955,David
OK,M,1956,David
OK,M,1957,David
OK,M,1958,David
OK,M,1959,David
OK,M,1960,David
OK,M,1961,David
OK,M,1962,David
OK,M,1963,David
OK,M,1964,David
OK,M,1965,Michael
OK,M,1966,Michael
OK,M,1967,Michael
OK,M,1968,Michael
OK,M,1969,Michael
OK,M,1970,Michael
OK,M,1971,Michael
OK,M,1972,Michael
OK,M,1973,Michael
OK,M,1974,Michael
OK,M,1975,Michael
OK,M,1976,Michael
OK,M,1977,Michael
OK,M,1978,Michael
OK,M,1979,Michael
OK,M,1980,Michael
OK,M,1981,Michael
OK,M,1982,Christopher
OK,M,1983,Christopher
OK,M,1984,Christopher
OK,M,1985,Christopher
OK,M,1986,Christopher
OK,M,1987,Michael
OK,M,1988,Joshua
OK,M,1989,Joshua
OK,M,1990,Joshua
OK,M,1991,Joshua
OK,M,1992,Michael
OK,M,1993,Joshua
OK,M,1994,Tyler
OK,M,1995,Tyler
OK,M,1996,Tyler
OK,M,1997,Jacob
OK,M,1998,Jacob
OK,M,1999,Jacob
OK,M,2000,Jacob
OK,M,2001,Jacob
OK,M,2002,Jacob
OK,M,2003,Jacob
OK,M,2004,Jacob
OK,M,2005,Jacob
OK,M,2006,Jacob
OK,M,2007,Ethan
OK,M,2008,Ethan
OK,M,2009,Ethan
OK,M,2010,Jacob
OK,M,2011,William
OK,M,2012,Elijah
OK,M,2013,Mason
OK,M,2014,William
OK,M,2015,Elijah
OK,M,2016,Liam
OK,M,2017,William
OK,M,2018,Liam
OR,M,1910,John
OR,M,1911,John
OR,M,1912,Robert
OR,M,1913,John
OR,M,1914,Robert
OR,M,1915,John
OR,M,1916,Robert
OR,M,1917,Robert
OR,M,1918,Robert
OR,M,1919,Robert
OR,M,1920,Robert
OR,M,1921,Robert
OR,M,1922,Robert
OR,M,1923,Robert
OR,M,1924,Robert
OR,M,1925,Robert
OR,M,1926,Robert
OR,M,1927,Robert
OR,M,1928,Robert
OR,M,1929,Robert
OR,M,1930,Robert
OR,M,1931,Robert
OR,M,1932,Robert
OR,M,1933,Robert
OR,M,1934,Robert
OR,M,1935,Robert
OR,M,1936,Robert
OR,M,1937,Robert
OR,M,1938,Robert
OR,M,1939,Robert
OR,M,1940,Robert
OR,M,1941,Robert
OR,M,1942,Robert
OR,M,1943,Robert
OR,M,1944,Robert
OR,M,1945,Robert
OR,M,1946,Robert
OR,M,1947,Robert
OR,M,1948,John
OR,M,1949,David
OR,M,1950,Robert
OR,M,1951,David
OR,M,1952,David
OR,M,1953,Michael
OR,M,1954,Michael
OR,M,1955,David
OR,M,1956,Michael
OR,M,1957,David
OR,M,1958,David
OR,M,1959,David
OR,M,1960,David
OR,M,1961,David
OR,M,1962,David
OR,M,1963,David
OR,M,1964,David
OR,M,1965,Michael
OR,M,1966,Michael
OR,M,1967,Michael
OR,M,1968,Michael
OR,M,1969,Michael
OR,M,1970,Michael
OR,M,1971,Michael
OR,M,1972,Jason
OR,M,1973,Jason
OR,M,1974,Jason
OR,M,1975,Jason
OR,M,1976,Jason
OR,M,1977,Michael
OR,M,1978,Michael
OR,M,1979,Michael
OR,M,1980,Michael
OR,M,1981,Michael
OR,M,1982,Christopher
OR,M,1983,Michael
OR,M,1984,Michael
OR,M,1985,Christopher
OR,M,1986,Michael
OR,M,1987,Michael
OR,M,1988,Michael
OR,M,1989,Michael
OR,M,1990,Michael
OR,M,1991,Michael
OR,M,1992,Michael
OR,M,1993,Tyler
OR,M,1994,Tyler
OR,M,1995,Jacob
OR,M,1996,Jacob
OR,M,1997,Jacob
OR,M,1998,Jacob
OR,M,1999,Jacob
OR,M,2000,Jacob
OR,M,2001,Jacob
OR,M,2002,Jacob
OR,M,2003,Jacob
OR,M,2004,Jacob
OR,M,2005,Jacob
OR,M,2006,Jacob
OR,M,2007,Jacob
OR,M,2008,Ethan
OR,M,2009,Alexander
OR,M,2010,Jacob
OR,M,2011,Mason
OR,M,2012,Liam
OR,M,2013,Liam
OR,M,2014,Liam
OR,M,2015,Liam
OR,M,2016,Oliver
OR,M,2017,Oliver
OR,M,2018,Oliver
PA,M,1910,John
PA,M,1911,John
PA,M,1912,John
PA,M,1913,John
PA,M,1914,John
PA,M,1915,John
PA,M,1916,John
PA,M,1917,John
PA,M,1918,John
PA,M,1919,John
PA,M,1920,John
PA,M,1921,John
PA,M,1922,John
PA,M,1923,John
PA,M,1924,John
PA,M,1925,John
PA,M,1926,John
PA,M,1927,John
PA,M,1928,John
PA,M,1929,John
PA,M,1930,John
PA,M,1931,John
PA,M,1932,John
PA,M,1933,John
PA,M,1934,John
PA,M,1935,Robert
PA,M,1936,Robert
PA,M,1937,Robert
PA,M,1938,Robert
PA,M,1939,Robert
PA,M,1940,Robert
PA,M,1941,John
PA,M,1942,John
PA,M,1943,John
PA,M,1944,John
PA,M,1945,John
PA,M,1946,John
PA,M,1947,John
PA,M,1948,John
PA,M,1949,John
PA,M,1950,John
PA,M,1951,John
PA,M,1952,John
PA,M,1953,John
PA,M,1954,John
PA,M,1955,John
PA,M,1956,John
PA,M,1957,John
PA,M,1958,John
PA,M,1959,John
PA,M,1960,John
PA,M,1961,John
PA,M,1962,John
PA,M,1963,John
PA,M,1964,John
PA,M,1965,Michael
PA,M,1966,Michael
PA,M,1967,Michael
PA,M,1968,Michael
PA,M,1969,Michael
PA,M,1970,Michael
PA,M,1971,Michael
PA,M,1972,Michael
PA,M,1973,Michael
PA,M,1974,Michael
PA,M,1975,Michael
PA,M,1976,Michael
PA,M,1977,Michael
PA,M,1978,Michael
PA,M,1979,Michael
PA,M,1980,Michael
PA,M,1981,Michael
PA,M,1982,Michael
PA,M,1983,Michael
PA,M,1984,Michael
PA,M,1985,Michael
PA,M,1986,Michael
PA,M,1987,Michael
PA,M,1988,Michael
PA,M,1989,Michael
PA,M,1990,Michael
PA,M,1991,Michael
PA,M,1992,Michael
PA,M,1993,Michael
PA,M,1994,Michael
PA,M,1995,Michael
PA,M,1996,Michael
PA,M,1997,Michael
PA,M,1998,Michael
PA,M,1999,Michael
PA,M,2000,Michael
PA,M,2001,Michael
PA,M,2002,Michael
PA,M,2003,Michael
PA,M,2004,Michael
PA,M,2005,Michael
PA,M,2006,Jacob
PA,M,2007,Michael
PA,M,2008,Michael
PA,M,2009,Michael
PA,M,2010,Michael
PA,M,2011,Mason
PA,M,2012,Mason
PA,M,2013,Mason
PA,M,2014,Liam
PA,M,2015,Mason
PA,M,2016,Noah
PA,M,2017,Liam
PA,M,2018,Liam
RI,M,1910,John
RI,M,1911,John
RI,M,1912,John
RI,M,1913,John
RI,M,1914,John
RI,M,1915,John
RI,M,1916,John
RI,M,1917,John
RI,M,1918,John
RI,M,1919,John
RI,M,1920,John
RI,M,1921,John
RI,M,1922,John
RI,M,1923,John
RI,M,1924,John
RI,M,1925,John
RI,M,1926,John
RI,M,1927,John
RI,M,1928,John
RI,M,1929,John
RI,M,1930,Robert
RI,M,1931,Robert
RI,M,1932,Robert
RI,M,1933,Robert
RI,M,1934,Robert
RI,M,1935,Robert
RI,M,1936,Robert
RI,M,1937,Robert
RI,M,1938,Robert
RI,M,1939,Robert
RI,M,1940,Robert
RI,M,1941,Robert
RI,M,1942,Robert
RI,M,1943,Robert
RI,M,1944,Robert
RI,M,1945,Robert
RI,M,1946,Robert
RI,M,1947,Robert
RI,M,1948,Robert
RI,M,1949,Robert
RI,M,1950,Robert
RI,M,1951,Robert
RI,M,1952,Robert
RI,M,1953,Robert
RI,M,1954,Robert
RI,M,1955,Robert
RI,M,1956,Robert
RI,M,1957,Robert
RI,M,1958,Michael
RI,M,1959,Michael
RI,M,1960,Michael
RI,M,1961,Michael
RI,M,1962,Michael
RI,M,1963,Michael
RI,M,1964,Michael
RI,M,1965,Michael
RI,M,1966,Michael
RI,M,1967,Michael
RI,M,1968,Michael
RI,M,1969,Michael
RI,M,1970,Michael
RI,M,1971,Michael
RI,M,1972,Michael
RI,M,1973,Michael
RI,M,1974,Michael
RI,M,1975,Michael
RI,M,1976,Michael
RI,M,1977,Michael
RI,M,1978,Michael
RI,M,1979,Michael
RI,M,1980,Michael
RI,M,1981,Michael
RI,M,1982,Michael
RI,M,1983,Michael
RI,M,1984,Michael
RI,M,1985,Michael
RI,M,1986,Michael
RI,M,1987,Michael
RI,M,1988,Michael
RI,M,1989,Michael
RI,M,1990,Michael
RI,M,1991,Michael
RI,M,1992,Michael
RI,M,1993,Michael
RI,M,1994,Michael
RI,M,1995,Michael
RI,M,1996,Nicholas
RI,M,1997,Michael
RI,M,1998,Matthew
RI,M,1999,Matthew
RI,M,2000,Matthew
RI,M,2001,Michael
RI,M,2002,Nicholas
RI,M,2003,Michael
RI,M,2004,Michael
RI,M,2005,Michael
RI,M,2006,Ryan
RI,M,2007,Michael
RI,M,2008,Michael
RI,M,2009,Anthony
RI,M,2010,Logan
RI,M,2011,Mason
RI,M,2012,Mason
RI,M,2013,Mason
RI,M,2014,Mason
RI,M,2015,Noah
RI,M,2016,Noah
RI,M,2017,Lucas
RI,M,2018,Liam
SC,M,1910,James
SC,M,1911,James
SC,M,1912,James
SC,M,1913,James
SC,M,1914,James
SC,M,1915,James
SC,M,1916,James
SC,M,1917,James
SC,M,1918,James
SC,M,1919,James
SC,M,1920,James
SC,M,1921,James
SC,M,1922,James
SC,M,1923,James
SC,M,1924,James
SC,M,1925,James
SC,M,1926,James
SC,M,1927,James
SC,M,1928,James
SC,M,1929,James
SC,M,1930,James
SC,M,1931,James
SC,M,1932,James
SC,M,1933,James
SC,M,1934,James
SC,M,1935,James
SC,M,1936,James
SC,M,1937,James
SC,M,1938,James
SC,M,1939,James
SC,M,1940,James
SC,M,1941,James
SC,M,1942,James
SC,M,1943,James
SC,M,1944,James
SC,M,1945,James
SC,M,1946,James
SC,M,1947,James
SC,M,1948,James
SC,M,1949,James
SC,M,1950,James
SC,M,1951,James
SC,M,1952,James
SC,M,1953,James
SC,M,1954,James
SC,M,1955,James
SC,M,1956,James
SC,M,1957,James
SC,M,1958,James
SC,M,1959,James
SC,M,1960,James
SC,M,1961,James
SC,M,1962,James
SC,M,1963,James
SC,M,1964,James
SC,M,1965,James
SC,M,1966,James
SC,M,1967,James
SC,M,1968,James
SC,M,1969,James
SC,M,1970,James
SC,M,1971,James
SC,M,1972,James
SC,M,1973,James
SC,M,1974,James
SC,M,1975,Michael
SC,M,1976,James
SC,M,1977,James
SC,M,1978,James
SC,M,1979,James
SC,M,1980,James
SC,M,1981,James
SC,M,1982,Christopher
SC,M,1983,Christopher
SC,M,1984,Christopher
SC,M,1985,Christopher
SC,M,1986,Christopher
SC,M,1987,Christopher
SC,M,1988,Christopher
SC,M,1989,Christopher
SC,M,1990,Christopher
SC,M,1991,Christopher
SC,M,1992,Christopher
SC,M,1993,Christopher
SC,M,1994,Christopher
SC,M,1995,William
SC,M,1996,Christopher
SC,M,1997,William
SC,M,1998,William
SC,M,1999,William
SC,M,2000,William
SC,M,2001,William
SC,M,2002,William
SC,M,2003,William
SC,M,2004,William
SC,M,2005,William
SC,M,2006,William
SC,M,2007,William
SC,M,2008,William
SC,M,2009,William
SC,M,2010,William
SC,M,2011,William
SC,M,2012,William
SC,M,2013,William
SC,M,2014,William
SC,M,2015,William
SC,M,2016,William
SC,M,2017,William
SC,M,2018,William
SD,M,1910,John
SD,M,1911,John
SD,M,1912,John
SD,M,1913,John
SD,M,1914,John
SD,M,1915,John
SD,M,1916,Robert
SD,M,1917,John
SD,M,1918,Robert
SD,M,1919,Robert
SD,M,1920,Robert
SD,M,1921,Robert
SD,M,1922,Robert
SD,M,1923,Robert
SD,M,1924,Robert
SD,M,1925,Robert
SD,M,1926,Robert
SD,M,1927,Robert
SD,M,1928,Robert
SD,M,1929,Robert
SD,M,1930,Robert
SD,M,1931,Robert
SD,M,1932,Robert
SD,M,1933,Robert
SD,M,1934,Robert
SD,M,1935,Robert
SD,M,1936,Robert
SD,M,1937,Robert
SD,M,1938,Robert
SD,M,1939,Robert
SD,M,1940,Robert
SD,M,1941,James
SD,M,1942,Robert
SD,M,1943,Robert
SD,M,1944,James
SD,M,1945,James
SD,M,1946,Robert
SD,M,1947,Robert
SD,M,1948,Robert
SD,M,1949,David
SD,M,1950,David
SD,M,1951,David
SD,M,1952,David
SD,M,1953,David
SD,M,1954,Michael
SD,M,1955,David
SD,M,1956,Michael
SD,M,1957,Michael
SD,M,1958,David
SD,M,1959,David
SD,M,1960,David
SD,M,1961,David
SD,M,1962,David
SD,M,1963,Michael
SD,M,1964,Michael
SD,M,1965,Michael
SD,M,1966,Michael
SD,M,1967,Michael
SD,M,1968,Michael
SD,M,1969,Michael
SD,M,1970,Michael
SD,M,1971,Michael
SD,M,1972,Jason
SD,M,1973,Jason
SD,M,1974,Jason
SD,M,1975,Jason
SD,M,1976,Jason
SD,M,1977,Jason
SD,M,1978,Michael
SD,M,1979,Matthew
SD,M,1980,Michael
SD,M,1981,Joshua
SD,M,1982,Matthew
SD,M,1983,Matthew
SD,M,1984,Matthew
SD,M,1985,Christopher
SD,M,1986,Michael
SD,M,1987,Matthew
SD,M,1988,Michael
SD,M,1989,Michael
SD,M,1990,Tyler
SD,M,1991,Michael
SD,M,1992,Tyler
SD,M,1993,Tyler
SD,M,1994,Tyler
SD,M,1995,Austin
SD,M,1996,Jacob
SD,M,1997,Jacob
SD,M,1998,Austin
SD,M,1999,Jacob
SD,M,2000,Jacob
SD,M,2001,Jacob
SD,M,2002,Jacob
SD,M,2003,Jacob
SD,M,2004,Ethan
SD,M,2005,Jacob
SD,M,2006,Jacob
SD,M,2007,Ethan
SD,M,2008,Noah
SD,M,2009,Noah
SD,M,2010,Jacob
SD,M,2011,Mason
SD,M,2012,Liam
SD,M,2013,Liam
SD,M,2014,Liam
SD,M,2015,Oliver
SD,M,2016,Oliver
SD,M,2017,Oliver
SD,M,2018,Liam
TN,M,1910,James
TN,M,1911,James
TN,M,1912,James
TN,M,1913,James
TN,M,1914,James
TN,M,1915,James
TN,M,1916,James
TN,M,1917,James
TN,M,1918,James
TN,M,1919,James
TN,M,1920,James
TN,M,1921,James
TN,M,1922,James
TN,M,1923,James
TN,M,1924,James
TN,M,1925,James
TN,M,1926,James
TN,M,1927,James
TN,M,1928,James
TN,M,1929,James
TN,M,1930,James
TN,M,1931,James
TN,M,1932,James
TN,M,1933,James
TN,M,1934,James
TN,M,1935,James
TN,M,1936,James
TN,M,1937,James
TN,M,1938,James
TN,M,1939,James
TN,M,1940,James
TN,M,1941,James
TN,M,1942,James
TN,M,1943,James
TN,M,1944,James
TN,M,1945,James
TN,M,1946,James
TN,M,1947,James
TN,M,1948,James
TN,M,1949,James
TN,M,1950,James
TN,M,1951,James
TN,M,1952,James
TN,M,1953,James
TN,M,1954,James
TN,M,1955,James
TN,M,1956,James
TN,M,1957,James
TN,M,1958,James
TN,M,1959,James
TN,M,1960,James
TN,M,1961,James
TN,M,1962,James
TN,M,1963,James
TN,M,1964,James
TN,M,1965,James
TN,M,1966,James
TN,M,1967,James
TN,M,1968,James
TN,M,1969,James
TN,M,1970,James
TN,M,1971,James
TN,M,1972,Michael
TN,M,1973,James
TN,M,1974,Michael
TN,M,1975,Michael
TN,M,1976,Michael
TN,M,1977,Jason
TN,M,1978,Michael
TN,M,1979,Michael
TN,M,1980,Michael
TN,M,1981,Michael
TN,M,1982,Christopher
TN,M,1983,Christopher
TN,M,1984,Christopher
TN,M,1985,Christopher
TN,M,1986,Christopher
TN,M,1987,Christopher
TN,M,1988,Joshua
TN,M,1989,Joshua
TN,M,1990,Joshua
TN,M,1991,Joshua
TN,M,1992,Christopher
TN,M,1993,Christopher
TN,M,1994,William
TN,M,1995,Austin
TN,M,1996,Austin
TN,M,1997,Jacob
TN,M,1998,Jacob
TN,M,1999,Jacob
TN,M,2000,Jacob
TN,M,2001,Jacob
TN,M,2002,Jacob
TN,M,2003,William
TN,M,2004,William
TN,M,2005,William
TN,M,2006,William
TN,M,2007,William
TN,M,2008,William
TN,M,2009,William
TN,M,2010,William
TN,M,2011,William
TN,M,2012,William
TN,M,2013,William
TN,M,2014,William
TN,M,2015,William
TN,M,2016,William
TN,M,2017,William
TN,M,2018,William
TX,M,1910,John
TX,M,1911,James
TX,M,1912,James
TX,M,1913,James
TX,M,1914,James
TX,M,1915,James
TX,M,1916,James
TX,M,1917,James
TX,M,1918,James
TX,M,1919,James
TX,M,1920,James
TX,M,1921,James
TX,M,1922,James
TX,M,1923,James
TX,M,1924,James
TX,M,1925,James
TX,M,1926,James
TX,M,1927,James
TX,M,1928,James
TX,M,1929,James
TX,M,1930,James
TX,M,1931,James
TX,M,1932,James
TX,M,1933,James
TX,M,1934,James
TX,M,1935,James
TX,M,1936,James
TX,M,1937,James
TX,M,1938,James
TX,M,1939,James
TX,M,1940,James
TX,M,1941,James
TX,M,1942,James
TX,M,1943,James
TX,M,1944,James
TX,M,1945,James
TX,M,1946,James
TX,M,1947,James
TX,M,1948,James
TX,M,1949,James
TX,M,1950,James
TX,M,1951,James
TX,M,1952,James
TX,M,1953,James
TX,M,1954,James
TX,M,1955,David
TX,M,1956,David
TX,M,1957,David
TX,M,1958,David
TX,M,1959,David
TX,M,1960,David
TX,M,1961,David
TX,M,1962,David
TX,M,1963,David
TX,M,1964,David
TX,M,1965,David
TX,M,1966,David
TX,M,1967,Michael
TX,M,1968,Michael
TX,M,1969,Michael
TX,M,1970,Michael
TX,M,1971,Michael
TX,M,1972,Michael
TX,M,1973,Michael
TX,M,1974,Michael
TX,M,1975,Michael
TX,M,1976,Michael
TX,M,1977,Michael
TX,M,1978,Michael
TX,M,1979,Michael
TX,M,1980,Michael
TX,M,1981,Michael
TX,M,1982,Christopher
TX,M,1983,Christopher
TX,M,1984,Christopher
TX,M,1985,Christopher
TX,M,1986,Christopher
TX,M,1987,Christopher
TX,M,1988,Christopher
TX,M,1989,Christopher
TX,M,1990,Michael
TX,M,1991,Michael
TX,M,1992,Michael
TX,M,1993,Michael
TX,M,1994,Michael
TX,M,1995,Michael
TX,M,1996,Jose
TX,M,1997,Jose
TX,M,1998,Jose
TX,M,1999,Jose
TX,M,2000,Jose
TX,M,2001,Jose
TX,M,2002,Jose
TX,M,2003,Jose
TX,M,2004,Jose
TX,M,2005,Jose
TX,M,2006,Jose
TX,M,2007,Jose
TX,M,2008,Jose
TX,M,2009,Jose
TX,M,2010,Jacob
TX,M,2011,Jacob
TX,M,2012,Jacob
TX,M,2013,Jacob
TX,M,2014,Noah
TX,M,2015,Noah
TX,M,2016,Noah
TX,M,2017,Noah
TX,M,2018,Liam
UT,M,1910,John
UT,M,1911,John
UT,M,1912,John
UT,M,1913,John
UT,M,1914,John
UT,M,1915,John
UT,M,1916,John
UT,M,1917,John
UT,M,1918,William
UT,M,1919,John
UT,M,1920,Robert
UT,M,1921,Robert
UT,M,1922,Robert
UT,M,1923,Robert
UT,M,1924,Robert
UT,M,1925,Robert
UT,M,1926,Robert
UT,M,1927,Robert
UT,M,1928,Robert
UT,M,1929,Robert
UT,M,1930,Robert
UT,M,1931,Robert
UT,M,1932,Robert
UT,M,1933,Robert
UT,M,1934,Robert
UT,M,1935,Robert
UT,M,1936,Robert
UT,M,1937,Robert
UT,M,1938,Robert
UT,M,1939,Robert
UT,M,1940,Richard
UT,M,1941,Robert
UT,M,1942,David
UT,M,1943,Robert
UT,M,1944,Robert
UT,M,1945,Robert
UT,M,1946,Robert
UT,M,1947,David
UT,M,1948,Robert
UT,M,1949,Robert
UT,M,1950,David
UT,M,1951,David
UT,M,1952,David
UT,M,1953,David
UT,M,1954,David
UT,M,1955,David
UT,M,1956,David
UT,M,1957,David
UT,M,1958,David
UT,M,1959,David
UT,M,1960,David
UT,M,1961,David
UT,M,1962,David
UT,M,1963,David
UT,M,1964,David
UT,M,1965,David
UT,M,1966,David
UT,M,1967,Michael
UT,M,1968,Michael
UT,M,1969,Michael
UT,M,1970,David
UT,M,1971,Michael
UT,M,1972,Michael
UT,M,1973,Jason
UT,M,1974,Michael
UT,M,1975,Michael
UT,M,1976,Michael
UT,M,1977,Michael
UT,M,1978,Michael
UT,M,1979,Michael
UT,M,1980,Michael
UT,M,1981,Michael
UT,M,1982,Michael
UT,M,1983,Michael
UT,M,1984,Michael
UT,M,1985,Michael
UT,M,1986,Michael
UT,M,1987,Michael
UT,M,1988,Michael
UT,M,1989,Michael
UT,M,1990,Michael
UT,M,1991,Michael
UT,M,1992,Joshua
UT,M,1993,Tyler
UT,M,1994,Austin
UT,M,1995,Austin
UT,M,1996,Jacob
UT,M,1997,Jacob
UT,M,1998,Jacob
UT,M,1999,Jacob
UT,M,2000,Jacob
UT,M,2001,Jacob
UT,M,2002,Jacob
UT,M,2003,Ethan
UT,M,2004,Ethan
UT,M,2005,Jacob
UT,M,2006,Ethan
UT,M,2007,Ethan
UT,M,2008,Ethan
UT,M,2009,William
UT,M,2010,William
UT,M,2011,Mason
UT,M,2012,William
UT,M,2013,William
UT,M,2014,William
UT,M,2015,William
UT,M,2016,Oliver
UT,M,2017,Oliver
UT,M,2018,Oliver
VA,M,1910,James
VA,M,1911,James
VA,M,1912,James
VA,M,1913,James
VA,M,1914,James
VA,M,1915,James
VA,M,1916,James
VA,M,1917,James
VA,M,1918,James
VA,M,1919,James
VA,M,1920,James
VA,M,1921,James
VA,M,1922,James
VA,M,1923,James
VA,M,1924,James
VA,M,1925,James
VA,M,1926,James
VA,M,1927,James
VA,M,1928,James
VA,M,1929,James
VA,M,1930,James
VA,M,1931,James
VA,M,1932,James
VA,M,1933,James
VA,M,1934,James
VA,M,1935,James
VA,M,1936,James
VA,M,1937,James
VA,M,1938,James
VA,M,1939,James
VA,M,1940,James
VA,M,1941,James
VA,M,1942,James
VA,M,1943,James
VA,M,1944,James
VA,M,1945,James
VA,M,1946,James
VA,M,1947,James
VA,M,1948,James
VA,M,1949,James
VA,M,1950,James
VA,M,1951,James
VA,M,1952,James
VA,M,1953,James
VA,M,1954,James
VA,M,1955,James
VA,M,1956,James
VA,M,1957,James
VA,M,1958,James
VA,M,1959,James
VA,M,1960,James
VA,M,1961,James
VA,M,1962,James
VA,M,1963,James
VA,M,1964,James
VA,M,1965,James
VA,M,1966,James
VA,M,1967,Michael
VA,M,1968,Michael
VA,M,1969,Michael
VA,M,1970,Michael
VA,M,1971,Michael
VA,M,1972,Michael
VA,M,1973,Michael
VA,M,1974,Michael
VA,M,1975,Michael
VA,M,1976,Michael
VA,M,1977,Michael
VA,M,1978,Michael
VA,M,1979,Michael
VA,M,1980,Michael
VA,M,1981,Michael
VA,M,1982,Christopher
VA,M,1983,Christopher
VA,M,1984,Christopher
VA,M,1985,Christopher
VA,M,1986,Christopher
VA,M,1987,Christopher
VA,M,1988,Christopher
VA,M,1989,Michael
VA,M,1990,Christopher
VA,M,1991,Michael
VA,M,1992,Michael
VA,M,1993,Michael
VA,M,1994,Michael
VA,M,1995,Michael
VA,M,1996,Michael
VA,M,1997,Michael
VA,M,1998,Jacob
VA,M,1999,Jacob
VA,M,2000,Jacob
VA,M,2001,Jacob
VA,M,2002,Jacob
VA,M,2003,Jacob
VA,M,2004,Jacob
VA,M,2005,William
VA,M,2006,William
VA,M,2007,William
VA,M,2008,William
VA,M,2009,William
VA,M,2010,William
VA,M,2011,William
VA,M,2012,William
VA,M,2013,William
VA,M,2014,William
VA,M,2015,William
VA,M,2016,William
VA,M,2017,Liam
VA,M,2018,William
VT,M,1910,George
VT,M,1911,John
VT,M,1912,William
VT,M,1913,John
VT,M,1914,John
VT,M,1915,John
VT,M,1916,Robert
VT,M,1917,Robert
VT,M,1918,Robert
VT,M,1919,Robert
VT,M,1920,Robert
VT,M,1921,Robert
VT,M,1922,Robert
VT,M,1923,Robert
VT,M,1924,Robert
VT,M,1925,Robert
VT,M,1926,Robert
VT,M,1927,Robert
VT,M,1928,Robert
VT,M,1929,Robert
VT,M,1930,Robert
VT,M,1931,Robert
VT,M,1932,Robert
VT,M,1933,Robert
VT,M,1934,Robert
VT,M,1935,Robert
VT,M,1936,Robert
VT,M,1937,Robert
VT,M,1938,Robert
VT,M,1939,Robert
VT,M,1940,Richard
VT,M,1941,Robert
VT,M,1942,Robert
VT,M,1943,Robert
VT,M,1944,Robert
VT,M,1945,Robert
VT,M,1946,Robert
VT,M,1947,Robert
VT,M,1948,Robert
VT,M,1949,Robert
VT,M,1950,David
VT,M,1951,Robert
VT,M,1952,Michael
VT,M,1953,Michael
VT,M,1954,Michael
VT,M,1955,David
VT,M,1956,Michael
VT,M,1957,David
VT,M,1958,Michael
VT,M,1959,David
VT,M,1960,Michael
VT,M,1961,David
VT,M,1962,Michael
VT,M,1963,Michael
VT,M,1964,Michael
VT,M,1965,Michael
VT,M,1966,Michael
VT,M,1967,Michael
VT,M,1968,Michael
VT,M,1969,Michael
VT,M,1970,Michael
VT,M,1971,Michael
VT,M,1972,Jason
VT,M,1973,Jason
VT,M,1974,Jason
VT,M,1975,Jason
VT,M,1976,Jason
VT,M,1977,Jason
VT,M,1978,Jason
VT,M,1979,Christopher
VT,M,1980,Michael
VT,M,1981,Michael
VT,M,1982,Christopher
VT,M,1983,Christopher
VT,M,1984,Christopher
VT,M,1985,Michael
VT,M,1986,Matthew
VT,M,1987,Christopher
VT,M,1988,Michael
VT,M,1989,Michael
VT,M,1990,Michael
VT,M,1991,Joshua
VT,M,1992,Michael
VT,M,1993,Tyler
VT,M,1994,Jacob
VT,M,1995,Matthew
VT,M,1996,Nicholas
VT,M,1997,Jacob
VT,M,1998,Jacob
VT,M,1999,Jacob
VT,M,2000,Jacob
VT,M,2001,Jacob
VT,M,2002,Ethan
VT,M,2003,Ethan
VT,M,2004,Jacob
VT,M,2005,Jacob
VT,M,2006,Jacob
VT,M,2007,Logan
VT,M,2008,Noah
VT,M,2009,Noah
VT,M,2010,Logan
VT,M,2011,Liam
VT,M,2012,Mason
VT,M,2013,Owen
VT,M,2014,Liam
VT,M,2015,Liam
VT,M,2016,Owen
VT,M,2017,Wyatt
VT,M,2018,Oliver
WA,M,1910,James
WA,M,1911,John
WA,M,1912,John
WA,M,1913,John
WA,M,1914,John
WA,M,1915,Robert
WA,M,1916,Robert
WA,M,1917,Robert
WA,M,1918,Robert
WA,M,1919,Robert
WA,M,1920,Robert
WA,M,1921,Robert
WA,M,1922,Robert
WA,M,1923,Robert
WA,M,1924,Robert
WA,M,1925,Robert
WA,M,1926,Robert
WA,M,1927,Robert
WA,M,1928,Robert
WA,M,1929,Robert
WA,M,1930,Robert
WA,M,1931,Robert
WA,M,1932,Robert
WA,M,1933,Robert
WA,M,1934,Robert
WA,M,1935,Robert
WA,M,1936,Robert
WA,M,1937,Robert
WA,M,1938,Robert
WA,M,1939,Robert
WA,M,1940,Robert
WA,M,1941,James
WA,M,1942,Robert
WA,M,1943,Robert
WA,M,1944,Robert
WA,M,1945,Robert
WA,M,1946,Robert
WA,M,1947,Robert
WA,M,1948,Robert
WA,M,1949,Robert
WA,M,1950,Michael
WA,M,1951,Michael
WA,M,1952,Michael
WA,M,1953,Michael
WA,M,1954,Michael
WA,M,1955,David
WA,M,1956,Michael
WA,M,1957,Michael
WA,M,1958,David
WA,M,1959,David
WA,M,1960,David
WA,M,1961,David
WA,M,1962,Michael
WA,M,1963,Michael
WA,M,1964,David
WA,M,1965,Michael
WA,M,1966,Michael
WA,M,1967,Michael
WA,M,1968,Michael
WA,M,1969,Michael
WA,M,1970,Michael
WA,M,1971,Michael
WA,M,1972,Michael
WA,M,1973,Jason
WA,M,1974,Jason
WA,M,1975,Jason
WA,M,1976,Jason
WA,M,1977,Jason
WA,M,1978,Michael
WA,M,1979,Michael
WA,M,1980,Michael
WA,M,1981,Michael
WA,M,1982,Michael
WA,M,1983,Michael
WA,M,1984,Michael
WA,M,1985,Christopher
WA,M,1986,Michael
WA,M,1987,Michael
WA,M,1988,Michael
WA,M,1989,Michael
WA,M,1990,Michael
WA,M,1991,Michael
WA,M,1992,Michael
WA,M,1993,Michael
WA,M,1994,Jacob
WA,M,1995,Jacob
WA,M,1996,Jacob
WA,M,1997,Jacob
WA,M,1998,Jacob
WA,M,1999,Jacob
WA,M,2000,Jacob
WA,M,2001,Jacob
WA,M,2002,Ethan
WA,M,2003,Jacob
WA,M,2004,Jacob
WA,M,2005,Jacob
WA,M,2006,Jacob
WA,M,2007,Jacob
WA,M,2008,Ethan
WA,M,2009,Alexander
WA,M,2010,Jacob
WA,M,2011,Mason
WA,M,2012,Mason
WA,M,2013,Liam
WA,M,2014,Liam
WA,M,2015,Oliver
WA,M,2016,Liam
WA,M,2017,Liam
WA,M,2018,Liam
WI,M,1910,John
WI,M,1911,John
WI,M,1912,John
WI,M,1913,John
WI,M,1914,John
WI,M,1915,John
WI,M,1916,John
WI,M,1917,Robert
WI,M,1918,Robert
WI,M,1919,Robert
WI,M,1920,Robert
WI,M,1921,Robert
WI,M,1922,Robert
WI,M,1923,Robert
WI,M,1924,Robert
WI,M,1925,Robert
WI,M,1926,Robert
WI,M,1927,Robert
WI,M,1928,Robert
WI,M,1929,Robert
WI,M,1930,Robert
WI,M,1931,Robert
WI,M,1932,Robert
WI,M,1933,Robert
WI,M,1934,Robert
WI,M,1935,Robert
WI,M,1936,Robert
WI,M,1937,Robert
WI,M,1938,Robert
WI,M,1939,Robert
WI,M,1940,Robert
WI,M,1941,Robert
WI,M,1942,James
WI,M,1943,James
WI,M,1944,James
WI,M,1945,James
WI,M,1946,James
WI,M,1947,James
WI,M,1948,James
WI,M,1949,James
WI,M,1950,James
WI,M,1951,Michael
WI,M,1952,Michael
WI,M,1953,Michael
WI,M,1954,Michael
WI,M,1955,David
WI,M,1956,Michael
WI,M,1957,Michael
WI,M,1958,Michael
WI,M,1959,David
WI,M,1960,David
WI,M,1961,David
WI,M,1962,Michael
WI,M,1963,Michael
WI,M,1964,Michael
WI,M,1965,Michael
WI,M,1966,Michael
WI,M,1967,Michael
WI,M,1968,Michael
WI,M,1969,Michael
WI,M,1970,Michael
WI,M,1971,Michael
WI,M,1972,Michael
WI,M,1973,Jason
WI,M,1974,Jason
WI,M,1975,Jason
WI,M,1976,Jason
WI,M,1977,Jason
WI,M,1978,Michael
WI,M,1979,Michael
WI,M,1980,Michael
WI,M,1981,Michael
WI,M,1982,Michael
WI,M,1983,Matthew
WI,M,1984,Michael
WI,M,1985,Michael
WI,M,1986,Michael
WI,M,1987,Michael
WI,M,1988,Michael
WI,M,1989,Michael
WI,M,1990,Michael
WI,M,1991,Michael
WI,M,1992,Michael
WI,M,1993,Jacob
WI,M,1994,Jacob
WI,M,1995,Jacob
WI,M,1996,Jacob
WI,M,1997,Jacob
WI,M,1998,Jacob
WI,M,1999,Jacob
WI,M,2000,Jacob
WI,M,2001,Jacob
WI,M,2002,Jacob
WI,M,2003,Jacob
WI,M,2004,Ethan
WI,M,2005,Ethan
WI,M,2006,Ethan
WI,M,2007,Ethan
WI,M,2008,Ethan
WI,M,2009,Ethan
WI,M,2010,Mason
WI,M,2011,Mason
WI,M,2012,Mason
WI,M,2013,Liam
WI,M,2014,Mason
WI,M,2015,Oliver
WI,M,2016,Oliver
WI,M,2017,Henry
WI,M,2018,Oliver
WV,M,1910,William
WV,M,1911,William
WV,M,1912,James
WV,M,1913,William
WV,M,1914,James
WV,M,1915,William
WV,M,1916,John
WV,M,1917,James
WV,M,1918,William
WV,M,1919,James
WV,M,1920,James
WV,M,1921,James
WV,M,1922,James
WV,M,1923,James
WV,M,1924,James
WV,M,1925,James
WV,M,1926,James
WV,M,1927,James
WV,M,1928,James
WV,M,1929,James
WV,M,1930,James
WV,M,1931,James
WV,M,1932,James
WV,M,1933,James
WV,M,1934,James
WV,M,1935,James
WV,M,1936,James
WV,M,1937,James
WV,M,1938,James
WV,M,1939,James
WV,M,1940,James
WV,M,1941,James
WV,M,1942,James
WV,M,1943,James
WV,M,1944,James
WV,M,1945,James
WV,M,1946,James
WV,M,1947,James
WV,M,1948,James
WV,M,1949,James
WV,M,1950,James
WV,M,1951,James
WV,M,1952,James
WV,M,1953,James
WV,M,1954,James
WV,M,1955,David
WV,M,1956,James
WV,M,1957,James
WV,M,1958,David
WV,M,1959,James
WV,M,1960,David
WV,M,1961,David
WV,M,1962,David
WV,M,1963,James
WV,M,1964,James
WV,M,1965,James
WV,M,1966,James
WV,M,1967,James
WV,M,1968,James
WV,M,1969,James
WV,M,1970,Michael
WV,M,1971,James
WV,M,1972,Michael
WV,M,1973,James
WV,M,1974,Michael
WV,M,1975,Michael
WV,M,1976,Michael
WV,M,1977,Jason
WV,M,1978,Jason
WV,M,1979,Jason
WV,M,1980,Jason
WV,M,1981,Joshua
WV,M,1982,Joshua
WV,M,1983,Christopher
WV,M,1984,Joshua
WV,M,1985,Joshua
WV,M,1986,Joshua
WV,M,1987,Joshua
WV,M,1988,Joshua
WV,M,1989,Joshua
WV,M,1990,Joshua
WV,M,1991,Joshua
WV,M,1992,Joshua
WV,M,1993,Michael
WV,M,1994,Joshua
WV,M,1995,Tyler
WV,M,1996,Tyler
WV,M,1997,Jacob
WV,M,1998,Jacob
WV,M,1999,Jacob
WV,M,2000,Jacob
WV,M,2001,Jacob
WV,M,2002,Jacob
WV,M,2003,Jacob
WV,M,2004,Jacob
WV,M,2005,Jacob
WV,M,2006,Jacob
WV,M,2007,Jacob
WV,M,2008,Jacob
WV,M,2009,Jacob
WV,M,2010,Jacob
WV,M,2011,Mason
WV,M,2012,Mason
WV,M,2013,Mason
WV,M,2014,Mason
WV,M,2015,Noah
WV,M,2016,Mason
WV,M,2017,Liam
WV,M,2018,Mason
WY,M,1910,James
WY,M,1911,John
WY,M,1912,John
WY,M,1913,John
WY,M,1914,John
WY,M,1915,William
WY,M,1916,John
WY,M,1917,John
WY,M,1918,John
WY,M,1919,John
WY,M,1920,Robert
WY,M,1921,Robert
WY,M,1922,John
WY,M,1923,Robert
WY,M,1924,Robert
WY,M,1925,Robert
WY,M,1926,Robert
WY,M,1927,Robert
WY,M,1928,Robert
WY,M,1929,Robert
WY,M,1930,Robert
WY,M,1931,Robert
WY,M,1932,Robert
WY,M,1933,Robert
WY,M,1934,Robert
WY,M,1935,John
WY,M,1936,Robert
WY,M,1937,Robert
WY,M,1938,Robert
WY,M,1939,Robert
WY,M,1940,Robert
WY,M,1941,Robert
WY,M,1942,John
WY,M,1943,Robert
WY,M,1944,Robert
WY,M,1945,Robert
WY,M,1946,James
WY,M,1947,Robert
WY,M,1948,Robert
WY,M,1949,Robert
WY,M,1950,John
WY,M,1951,Robert
WY,M,1952,John
WY,M,1953,Robert
WY,M,1954,Michael
WY,M,1955,David
WY,M,1956,Robert
WY,M,1957,Michael
WY,M,1958,Michael
WY,M,1959,David
WY,M,1960,David
WY,M,1961,John
WY,M,1962,David
WY,M,1963,Michael
WY,M,1964,John
WY,M,1965,Michael
WY,M,1966,Michael
WY,M,1967,Michael
WY,M,1968,Michael
WY,M,1969,Michael
WY,M,1970,Michael
WY,M,1971,Michael
WY,M,1972,Michael
WY,M,1973,Michael
WY,M,1974,Jason
WY,M,1975,Michael
WY,M,1976,Jason
WY,M,1977,Michael
WY,M,1978,Michael
WY,M,1979,Michael
WY,M,1980,Michael
WY,M,1981,Joshua
WY,M,1982,Michael
WY,M,1983,Michael
WY,M,1984,Michael
WY,M,1985,Christopher
WY,M,1986,Christopher
WY,M,1987,Michael
WY,M,1988,Michael
WY,M,1989,Michael
WY,M,1990,Michael
WY,M,1991,Michael
WY,M,1992,Michael
WY,M,1993,Tyler
WY,M,1994,Austin
WY,M,1995,Joshua
WY,M,1996,Tyler
WY,M,1997,Jacob
WY,M,1998,Austin
WY,M,1999,Michael
WY,M,2000,Jacob
WY,M,2001,Jacob
WY,M,2002,Ethan
WY,M,2003,Jacob
WY,M,2004,Michael
WY,M,2005,Jacob
WY,M,2006,Ethan
WY,M,2007,James
WY,M,2008,James
WY,M,2009,Wyatt
WY,M,2010,James
WY,M,2011,William
WY,M,2012,Liam
WY,M,2013,Wyatt
WY,M,2014,Jackson
WY,M,2015,Liam
WY,M,2016,Wyatt
WY,M,2017,Wyatt
WY,M,2018,Oliver
